"Symbol","Name","IPO date","Market cap","IPO book value","Last Close Price","Price over book %","Shares outstanding","Average trading volume","% traded","Action"
"HPX","HPX Corp. Class A","09/08/2020","$38,241,878","10.00","17.16","71.60","2,176,544","504,574","23.18%","Analyze"
"PONO","Pono Capital Corp Class A","10/08/2021","$135,381,009","10.00","15.75","57.50","12,251,675","120,427","0.98%","Analyze"
"CNTQ","Chardan NexTech Acquisition 2 Corp. Class A","08/24/2021","$87,581,872","10.00","14.00","40.00","6,255,848","94,431","1.51%","Analyze"
"RICO","Agrico Acquisition Corp. - Class A","12/28/2007","$0","10.00","13.36","33.60","14,518,750","25,738","0.18%","Analyze"
"IGNY","Ignyte Acquisition Corp.","03/12/2021","$95,101,875","10.00","13.05","30.50","7,287,500","177,660","2.44%","Analyze"
"SMIH","Summit Healthcare Acquisition Corp. Class A","07/30/2021","$604,878,287","10.00","13.00","30.00","20,000,000","108,644","0.54%","Analyze"
"LMAO","LMF Acquisition Opportunities Inc. - Class A","03/18/2021","$129,100,725","10.00","12.35","23.50","10,453,500","560,236","5.36%","Analyze"
"RACY","Relativity Acquisition Corp. - Class A","04/04/2022","$184,553,050","10.00","12.28","22.80","15,028,750","46,424","0.31%","Analyze"
"LJAQ","LightJump Acquisition Corporation","03/02/2021","$76,680,241","10.00","12.10","21.00","6,337,210","311,143","4.91%","Analyze"
"ARCK","Arbor Rapha Capital Bioholdings Corp. I Class A","01/28/2011","$0","10.00","12.05","20.50","61,332","24,465","39.89%","Analyze"
"BHSE","Bull Horn Holdings Corp.","12/17/2020","$61,141,147","10.00","11.95","19.50","5,116,414","1,176,367","22.99%","Analyze"
"LSPR","Larkspur Health Acquisition Corp. Class A","02/09/2022","$181,967,198","10.00","11.79","17.90","8,087,431","335","0.00%","Analyze"
"EBAC","European Biotech Acquisition Corp. - Class A","05/11/2021","$142,006,210","10.00","11.19","11.90","13,209,880","48,657","0.37%","Analyze"
"DHAC","Digital Health Acquisition Corp.","12/30/2021","$46,212,578","10.00","11.10","11.00","4,126,123","19,848","0.48%","Analyze"
"CLOE","Clover Leaf Capital Corp. - Class A","09/09/2021","$162,707,450","10.00","11.03","10.30","14,645,135","1,872","0.01%","Analyze"
"GRCY","Greencity Acquisition Corporation","08/28/2020","$20,578,272","10.00","10.91","9.10","1,870,752","2,803","0.15%","Analyze"
"VENA","Venus Acquisition Corporation","04/13/2021","$63,343,500","10.00","10.91","9.10","6,050,000","50,666","0.84%","Analyze"
"BRLI","Brilliant Acquisition Corporation","07/22/2020","$19,802,390","10.00","10.90","9.00","1,816,733","4,279","0.24%","Analyze"
"TINV","Tiga Acquisition Corp. Class A","01/14/2021","$300,840,000","10.00","10.90","9.00","27,600,000","531,706","1.93%","Analyze"
"EDTX","EdtechX Holdings Acquisition Corp. II - Class A","12/24/2019","$34,300,320","10.00","10.88","8.80","3,149,708","101","0.00%","Analyze"
"ACBA","Ace Global Business Acquisition Limited","05/21/2021","$65,564,820","10.00","10.81","8.10","6,054,000","1,330","0.02%","Analyze"
"MBTC","Nocturne Acquisition Corporation","05/03/2021","$57,500,064","10.00","10.81","8.10","5,324,080","5,809","0.11%","Analyze"
"ADOC","Edoc Acquisition Corp. - Class A","12/10/2020","$27,870,750","10.00","10.80","8.00","2,580,625","1,333","0.05%","Analyze"
"MEOA","Minority Equality Opportunities Acquisition Inc. Class A","10/17/2021","$137,687,344","10.00","10.79","7.90","12,808,125","2,505","0.02%","Analyze"
"JATT","JATT Acquisition Corp Class A","09/02/2021","$185,437,500","10.00","10.75","7.50","17,250,000","62,363","0.36%","Analyze"
"PTIC","PropTech Investment Corporation II Class A","01/25/2021","$149,040,000","10.00","10.75","7.50","23,000,000","36,317","0.16%","Analyze"
"TPBA","TPB Acquisition Corporation I Class A","10/01/2021","$196,595,659","10.00","10.75","7.50","18,036,299","51,178","0.28%","Analyze"
"TETE","Technology & Telecommunication Acquisition Corporation - Class A","02/01/2001","$39,293,020","10.00","10.74","7.40","3,658,568","3,404","0.09%","Analyze"
"BMAQ","Blockchain Moon Acquisition Corp.","11/04/2021","$156,197,192","10.00","10.72","7.20","14,805,000","6,337","0.04%","Analyze"
"CENQ","CENAQ Energy Corp. Class A","10/04/2021","$217,852,673","10.00","10.72","7.20","20,927,250","54,761","0.26%","Analyze"
"BWAC","Better World Acquisition Corp.","12/28/2020","$82,703,617","10.00","10.71","7.10","7,700,523","961","0.01%","Analyze"
"KACL","Kairous Acquisition Corp. Limited","01/20/2022","$47,686,559","10.00","10.71","7.10","4,435,959","8,608","0.19%","Analyze"
"ACAQ","Athena Consumer Acquisition Corp. Class A","12/10/2021","$257,442,000","10.00","10.70","7.00","24,060,000","1,380","0.01%","Analyze"
"AVHI","Achari Ventures Holdings Corp. I","11/17/2021","$133,750,000","10.00","10.70","7.00","12,500,000","100","0.00%","Analyze"
"PBAX","Phoenix Biotech Acquisition Corp.","11/26/2021","$196,903,350","10.00","10.70","7.00","18,385,000","4,685","0.03%","Analyze"
"MCAA","Mountain & Co. I Acquisition Corp. Class A","01/17/2002","$245,870,000","10.00","10.69","6.90","23,000,000","45,626","0.20%","Analyze"
"OXAC","Oxbridge Acquisition Corp. Class A","09/30/2021","$13,976,455","10.00","10.68","6.80","1,301,952","8,983","0.69%","Analyze"
"DKDCA","Data Knights Acquisition Corp. - Class A","06/23/2021","$159,326,929","10.00","10.67","6.70","14,960,275","2,713","0.02%","Analyze"
"CFFE","CF Acquisition Corp. VIII Class A","05/03/2021","$37,276,394","10.00","10.65","6.50","3,500,098","4,758","0.14%","Analyze"
"OTEC","OceanTech Acquisitions I Corp. Class A","07/19/2021","$111,071,619","10.00","10.65","6.50","10,429,260","1,296","0.01%","Analyze"
"IOAC","Innovative International Acquisition Corp. Class A","01/03/2022","$256,239,000","10.00","10.64","6.40","24,060,000","8,942","0.04%","Analyze"
"NOVV","Nova Vision Acquisition Corp.","09/30/2021","$79,991,520","10.00","10.64","6.40","7,518,000","417","0.01%","Analyze"
"MAQC","Maquia Capital Acquisition Corporation - Class A","06/07/2021","$43,792,122","10.00","10.63","6.30","4,123,552","4,120","0.10%","Analyze"
"MTRY","Monterey Bio Acquisition Corporation","11/22/2021","$52,272,021","10.00","10.63","6.30","4,894,384","23,080","0.47%","Analyze"
"CLAY","Chavant Capital Acquisition Corp.","08/13/2021","$30,918,256","10.00","10.62","6.20","2,953,033","789","0.03%","Analyze"
"ONYX","Onyx Acquisition Co. I - Class A","12/10/2021","$348,809,375","10.00","10.62","6.20","33,062,500","2,248","0.01%","Analyze"
"LGST","Semper Paratus Acquisition Corporation Class A","01/03/2022","$390,057,500","10.00","10.61","6.10","35,950,000","6,712","0.02%","Analyze"
"KWAC","Kingswood Acquisition Corp. Class A","02/17/2021","$0","10.00","10.60","6.00","1,463,256","100","0.01%","Analyze"
"ATA","Americas Technology Acquisition Corp.","01/28/2021","$75,552,110","10.00","10.59","5.90","7,137,658","265","0.00%","Analyze"
"PPHP","PHP Ventures Acquisition Corp. Class A","06/24/2016","$78,999,052","10.00","10.59","5.90","7,480,900","3,036","0.04%","Analyze"
"GGAA","Genesis Growth Tech Acquisition Corp. - Class A","01/31/2022","$268,686,000","10.00","10.58","5.80","25,300,000","47,960","0.19%","Analyze"
"IRRX","Integrated Rail and Resources Acquisition Corp.","01/03/2022","$243,340,000","10.00","10.58","5.80","23,000,000","48,514","0.21%","Analyze"
"GIA","GigCapital 5, Inc.","11/04/2021","$311,995,200","10.00","10.56","5.60","29,545,000","46,553","0.16%","Analyze"
"IFIN","InFinT Acquisition Corporation Class A","01/10/2022","$101,211,560","10.00","10.56","5.60","9,584,428","22,752","0.24%","Analyze"
"COVA","COVA Acquisition Corp. - Class A","03/30/2021","$0","10.00","10.55","5.50","30,000,000","43,352","0.14%","Analyze"
"NCAC","Newcourt Acquisition Corp Class A","12/10/2021","$275,777,000","10.00","10.55","5.50","26,140,000","1,823","0.01%","Analyze"
"WINV","WinVest Acquisition Corp.","10/04/2021","$121,440,000","10.00","10.55","5.50","11,500,000","944","0.01%","Analyze"
"ENCP","Energem Corp Class A","01/10/2022","$126,775,911","10.00","10.54","5.40","12,028,075","1,300","0.01%","Analyze"
"TOAC","Talon 1 Acquisition Corp. - Class A","12/30/2021","$241,730,000","10.00","10.54","5.40","23,000,000","210,924","0.92%","Analyze"
"CITE","Cartica Acquisition Corp Class A","02/24/2022","$241,960,000","10.00","10.53","5.30","23,000,000","52,238","0.23%","Analyze"
"GVCI","Green Visor Financial Technology Acquisition Corp. I Class A","12/30/2021","$210,505,200","10.00","10.53","5.30","20,010,000","111,392","0.56%","Analyze"
"HHGC","HHG Capital Corporation","11/11/2021","$78,134,650","10.00","10.53","5.30","7,477,000","1,290","0.02%","Analyze"
"JWAC","Jupiter Wellness Acquisition Corp. Class A","01/07/2022","$155,431,850","10.00","10.53","5.30","14,705,000","22,763","0.15%","Analyze"
"PLAO","Patria Latin American Opportunity Acquisition Corp. - Class A","05/04/2022","$242,190,000","10.00","10.53","5.30","23,000,000","3,732","0.02%","Analyze"
"SPCM","Sound Point Acquisition Corp I, Ltd - Class A","04/22/2022","$272,722,500","10.00","10.53","5.30","25,875,000","111,869","0.43%","Analyze"
"TRON","Corner Growth Acquisition Corp. 2 - Class A","08/23/2011","$83,418,449","10.00","10.53","5.30","7,929,435","3,416","0.04%","Analyze"
"VMCA","Valuence Merger Corp. I - Class A","04/22/2022","$231,324,711","10.00","10.53","5.30","22,009,963","127,685","0.58%","Analyze"
"APCA","AP Acquisition Corp Class A","04/24/2018","$181,470,000","10.00","10.52","5.20","17,250,000","52,831","0.31%","Analyze"
"FRLA","Fortune Rise Acquisition Corporation Class A","12/27/2021","$109,668,429","10.00","10.52","5.20","10,336,327","1,221","0.01%","Analyze"
"GOGN","GoGreen Investments Corporation Class A","12/13/2021","$304,396,200","10.00","10.52","5.20","28,935,000","232,966","0.81%","Analyze"
"TGR","Kimbell Tiger Acquisition Corporation Class A","03/28/2022","$241,986,300","10.00","10.52","5.20","23,002,500","128,913","0.56%","Analyze"
"BFAC","Battery Future Acquisition Corp.","02/03/2022","$361,560,000","10.00","10.51","5.10","34,500,000","189,173","0.55%","Analyze"
"FEXD","Fintech Ecosystem Development Corp. Class A","01/11/2022","$121,803,337","10.00","10.51","5.10","11,557,500","21,109","0.18%","Analyze"
"ICNC","Iconic Sports Acquisition Corp. Class A","12/13/2021","$362,595,000","10.00","10.51","5.10","34,500,000","165,785","0.48%","Analyze"
"WNNR","Andretti Acquisition Corp.","03/07/2022","$241,730,000","10.00","10.51","5.10","23,000,000","141,816","0.62%","Analyze"
"CNGL","Canna-Global Acquisition Corp. Class A","01/20/2022","$250,878,350","10.00","10.50","5.00","23,802,500","142,381","0.60%","Analyze"
"ESAC","ESGEN Acquisition Corporation Class A","12/13/2021","$289,800,000","10.00","10.50","5.00","27,600,000","11,546","0.04%","Analyze"
"GBRG","Goldenbridge Acquisition Limited","04/16/2021","$37,684,511","10.00","10.50","5.00","3,561,863","4,045","0.11%","Analyze"
"IVCA","Investcorp India Acquisition Corp. Class A ordinary share","06/29/2022","$271,687,500","10.00","10.50","5.00","25,875,000","71,532","0.28%","Analyze"
"PFDR","Pathfinder Acquisition Corporation Class A","04/09/2021","$327,707,250","10.00","10.50","5.00","32,500,000","3,119","0.01%","Analyze"
"VSAC","Vision Sensing Acquisition Corp. Class A","12/23/2021","$106,260,000","10.00","10.50","5.00","10,120,000","13,876","0.14%","Analyze"
"WEL","Integrated Wellness Acquisition Corp","01/18/2022","$120,750,000","10.00","10.50","5.00","11,500,000","68,223","0.59%","Analyze"
"AIB","AIB Acquisition Corporation Class A","12/24/2019","$95,416,778","10.00","10.49","4.90","9,095,975","19,172","0.21%","Analyze"
"APXI","APx Acquisition Corp. I Class A Ordinary Share","01/26/2022","$181,470,000","10.00","10.49","4.90","17,250,000","2,605","0.02%","Analyze"
"FATP","Fat Projects Acquisition Corp Class A","12/03/2021","$58,123,479","10.00","10.49","4.90","5,556,738","34,799","0.63%","Analyze"
"FXCO","Financial Strategies Acquisition Corp. Class A","01/10/2022","$114,597,887","10.00","10.49","4.90","10,903,700","300","0.00%","Analyze"
"GEEX","Games & Esports Experience Acquisition Corp. - Class A","01/24/2022","$210,000,000","10.00","10.49","4.90","20,000,000","8,380","0.04%","Analyze"
"LIBY","Liberty Resources Acquisition Corp. Class A","12/27/2021","$126,317,888","10.00","10.49","4.90","12,030,275","96,210","0.80%","Analyze"
"NETC","Nabors Energy Transition Corp. Class A","01/07/2022","$289,535,040","10.00","10.49","4.90","27,600,000","144,135","0.52%","Analyze"
"PHYT","Pyrophyte Acquisition Corp. Class A","12/17/2021","$211,111,250","10.00","10.49","4.90","20,125,000","110,728","0.55%","Analyze"
"REVE","Alpine Acquisition Corporation","10/21/2021","$142,004,000","10.00","10.49","4.90","13,550,000","158,518","1.17%","Analyze"
"UPTD","TradeUP Acquisition Corp.","09/07/2021","$24,440,861","10.00","10.49","4.90","2,329,920","7,912","0.34%","Analyze"
"AFAR","Aura FAT Projects Acquisition Corp - Class A","06/02/2022","$117,722,016","10.00","10.48","4.80","11,308,551","35,751","0.32%","Analyze"
"APAC","StoneBridge Acquisition Corporation Class A","09/07/2021","$209,600,000","10.00","10.48","4.80","20,000,000","2,833","0.01%","Analyze"
"ASPA","Abri SPAC I, Inc.","09/02/2021","$78,201,739","10.00","10.48","4.80","7,461,998","503","0.01%","Analyze"
"DISA","Disruptive Acquisition Corporation I Class A","05/23/2017","$359,906,250","10.00","10.48","4.80","34,375,000","6,567","0.02%","Analyze"
"GENQ","Genesis Unicorn Capital Corp. - Class A","04/07/2022","$61,847,715","10.00","10.48","4.80","5,867,515","200","0.00%","Analyze"
"NUBI","Nubia Brand International Corp. - Class A","05/01/2022","$130,847,015","10.00","10.48","4.80","12,473,500","7,436","0.06%","Analyze"
"SHUA","SHUAA Partners Acquisition Corp I - Class A","04/22/2022","$113,865,200","10.00","10.48","4.80","10,865,000","94,676","0.87%","Analyze"
"ALSA","Alpha Star Acquisition Corporation","07/10/2012","$153,726,495","10.00","10.47","4.70","14,675,000","45,766","0.31%","Analyze"
"CHEA","Chenghe Acquisition Co. Class A Ordinary Share","10/19/2007","$120,807,500","10.00","10.47","4.70","11,500,000","10,986","0.10%","Analyze"
"DMAQ","Deep Medicine Acquisition Corp. Class A","12/02/2021","$48,763,744","10.00","10.47","4.70","4,613,410","151","0.00%","Analyze"
"DSAQ","Direct Selling Acquisition Corp.","11/12/2021","$240,810,000","10.00","10.47","4.70","23,000,000","412,909","1.80%","Analyze"
"HNRA","HNR Acquisition Corp","02/10/2022","$121,779,188","10.00","10.47","4.70","11,631,250","1,479","0.01%","Analyze"
"PWUP","PowerUp Acquisition Corp. - Class A","04/10/2022","$301,300,000","10.00","10.47","4.70","28,750,000","133,775","0.47%","Analyze"
"THCA","Tuscan Holdings Corp. II","07/30/2019","$0","10.00","10.47","4.70","7,355,601","310","0.00%","Analyze"
"TLGY","TLGY Acquisition Corporation Class A Ordinary Share","01/21/2022","$240,580,000","10.00","10.47","4.70","23,000,000","2,966","0.01%","Analyze"
"DTOC","Digital Transformation Opportunities Corp. Class A","04/30/2021","$345,172,500","10.00","10.46","4.60","33,350,000","18,268","0.05%","Analyze"
"FRBN","Forbion European Acquisition Corp. Class A","01/31/2022","$132,572,000","10.00","10.46","4.60","12,650,000","18,141","0.14%","Analyze"
"HCMA","HCM Acquisition Corp Class A","03/14/2022","$299,862,500","10.00","10.46","4.60","28,750,000","42,418","0.15%","Analyze"
"LATG","LatAmGrowth SPAC Class A","03/16/2022","$135,720,000","10.00","10.46","4.60","13,000,000","125,716","0.97%","Analyze"
"MSSA","Metal Sky Star Acquisition Corporation","05/30/2022","$153,814,300","10.00","10.46","4.60","14,705,000","4,374","0.03%","Analyze"
"RRAC","Rigel Resource Acquisition Corp. Class A","12/27/2021","$313,800,000","10.00","10.46","4.60","30,000,000","199,101","0.66%","Analyze"
"BPAC","Bullpen Parlay Acquisition Company Class A Ordinary Share","01/24/2022","$240,350,000","10.00","10.45","4.50","23,000,000","20,554","0.09%","Analyze"
"BRAC","Broad Capital Acquisition Corp","10/25/2017","$31,434,327","10.00","10.45","4.50","2,990,897","1,040","0.03%","Analyze"
"IMAQ","International Media Acquisition Corp. Class A","08/16/2021","$89,374,989","10.00","10.45","4.50","8,520,018","3,908","0.05%","Analyze"
"IVCB","Investcorp Europe Acquisition Corp I Class A","02/02/2022","$360,870,000","10.00","10.45","4.50","34,500,000","241,083","0.70%","Analyze"
"MNTN","Everest Consolidator Acquisition Corporation","01/14/2022","$180,176,250","10.00","10.45","4.50","17,250,000","124,731","0.72%","Analyze"
"OXUS","Oxus Acquisition Corp. Class A","10/06/2021","$183,573,000","10.00","10.45","4.50","17,550,000","4,930","0.03%","Analyze"
"PCCT","Perception Capital Corp. II Class A","12/20/2021","$243,110,000","10.00","10.45","4.50","23,000,000","1,853","0.01%","Analyze"
"SHAP","Spree Acquisition Corp. 1 Limited","02/07/2022","$208,200,000","10.00","10.45","4.50","20,000,000","210,949","1.05%","Analyze"
"FTII","FutureTech II Acquisition Corp. - Class A","04/08/2022","$126,811,534","10.00","10.44","4.40","12,135,075","12,389","0.10%","Analyze"
"LFAC","LF Capital Acquisition Corp. II Class A","06/29/2018","$336,545,063","10.00","10.44","4.40","32,143,750","116,791","0.36%","Analyze"
"PIAI","Prime Impact Acquisition I Class A","11/02/2020","$155,442,588","10.00","10.44","4.40","14,896,271","7,443","0.05%","Analyze"
"SAGA","Sagaliam Acquisition Corp. Class A","02/10/2022","$126,878,400","10.00","10.44","4.40","12,015,000","1,374","0.01%","Analyze"
"TRAQ","Trine II Acquisition Corp. Class A","12/27/2021","$432,216,000","10.00","10.44","4.40","41,400,000","108,643","0.26%","Analyze"
"ADRT","Ault Disruptive Technologies Corporation","02/07/2022","$29,986,250","10.00","10.43","4.30","2,875,000","7,741","0.27%","Analyze"
"CCTS","Cactus Acquisition Corp. 1 Limited - Class A","12/30/2021","$132,066,000","10.00","10.43","4.30","12,650,000","217,899","1.72%","Analyze"
"CREC","Crescera Capital Acquisition Corp Class A","01/10/2022","$209,903,750","10.00","10.43","4.30","20,125,000","42,443","0.21%","Analyze"
"EVE","EVe Mobility Acquisition Corp","12/17/2010","$272,509,500","10.00","10.43","4.30","26,140,000","124,444","0.48%","Analyze"
"GTAC","Global Technology Acquisition Corp. I - Class A","12/17/2021","$209,000,000","10.00","10.43","4.30","20,000,000","20,613","0.10%","Analyze"
"LGVC","LAMF Global Ventures Corp. I Class A","12/30/2021","$275,414,580","10.00","10.43","4.30","26,406,000","155,069","0.59%","Analyze"
"RCFA","RCF Acquisition Corp.","12/31/2021","$239,890,000","10.00","10.43","4.30","23,000,000","243,087","1.06%","Analyze"
"SCUA","Sculptor Acquisition Corp I Class A","01/31/2022","$239,890,000","10.00","10.43","4.30","23,000,000","121,462","0.53%","Analyze"
"SVNA","7 Acquisition Corporation - Class A","12/23/2021","$239,890,000","10.00","10.43","4.30","23,000,000","119,743","0.52%","Analyze"
"ADAL","Anthemis Digital Acquisitions I Corp Class A","12/27/2021","$239,890,000","10.00","10.42","4.20","23,000,000","263,595","1.15%","Analyze"
"DECA","Denali Capital Acquisition Corp. Class A","02/17/2006","$91,585,800","10.00","10.42","4.20","8,760,000","9,529","0.11%","Analyze"
"ENTF","Enterprise 4.0 Technology Acquisition Corp. Class A","12/09/2021","$320,204,070","10.00","10.42","4.20","30,700,000","160,518","0.52%","Analyze"
"EVGR","Evergreen Corporation - Class A","04/01/2022","$125,498,975","10.00","10.42","4.20","12,032,500","710","0.01%","Analyze"
"FLYA","SOAR Technology Acquisition Corp. Class A","11/08/2021","$239,430,000","10.00","10.42","4.20","23,000,000","1,936,201","8.42%","Analyze"
"GDNR","Gardiner Healthcare Acquisitions Corp.","01/13/2022","$112,448,438","10.00","10.42","4.20","10,781,250","10,895","0.10%","Analyze"
"NFNT","Infinite Acquisition Corp.","01/10/2022","$287,592,000","10.00","10.42","4.20","27,600,000","38,074","0.14%","Analyze"
"PGSS","Pegasus Digital Mobility Acquisition Corp. Class A","12/13/2021","$234,450,000","10.00","10.42","4.20","22,500,000","93,433","0.42%","Analyze"
"ROC","ROC Energy Acquisition Corp.","12/29/2021","$280,055,930","10.00","10.42","4.20","26,851,000","150,566","0.56%","Analyze"
"TGAA","Target Global Acquisition I Corp. Class A Ordinary Share","01/31/2022","$224,244,581","10.00","10.42","4.20","21,489,658","80,016","0.37%","Analyze"
"BIOS","BioPlus Acquisition Corp. Class A","12/17/2019","$245,730,800","10.00","10.41","4.10","23,560,000","43,745","0.19%","Analyze"
"BOCN","Blue Ocean Acquisition Corp - Class A","01/24/2022","$197,719,500","10.00","10.41","4.10","18,975,000","146,638","0.77%","Analyze"
"CBRG","Chain Bridge I Class A","01/11/2019","$239,890,000","10.00","10.41","4.10","23,000,000","3,562","0.02%","Analyze"
"CMCA","Capitalworks Emerging Markets Acquisition Corp Class A","01/21/2022","$238,970,000","10.00","10.41","4.10","23,000,000","45,805","0.20%","Analyze"
"CXAC","C5 Acquisition Corporation Class A","02/28/2022","$374,109,375","10.00","10.41","4.10","35,937,500","160,560","0.45%","Analyze"
"FGMC","FG Merger Corp.","04/18/2022","$105,996,121","10.00","10.41","4.10","10,157,750","11,283","0.11%","Analyze"
"HAIA","Healthcare AI Acquisition Corp. Class A","01/31/2022","$224,464,594","10.00","10.41","4.10","21,562,401","399,841","1.85%","Analyze"
"HMA","Heartland Media Acquisition Corp. Class A","03/13/2022","$200,360,552","10.00","10.41","4.10","19,246,931","127,165","0.66%","Analyze"
"KCGI","Kensington Capital Acquisition Corp. V Class A","10/04/2021","$287,178,000","10.00","10.41","4.10","27,600,000","189,344","0.69%","Analyze"
"KNSW","KnightSwan Acquisition Corporation","01/20/2022","$240,580,000","10.00","10.41","4.10","23,000,000","130,539","0.57%","Analyze"
"LIVB","LIV Capital Acquisition Corp. II Class A","03/08/2022","$121,208,400","10.00","10.41","4.10","11,610,000","2,646","0.02%","Analyze"
"PRLH","Pearl Holdings Acquisition Corp Class A","02/03/2022","$208,800,000","10.00","10.41","4.10","20,000,000","212,959","1.06%","Analyze"
"VHNA","Vahanna Tech Edge Acquisition I Corp. Class A","01/13/2022","$209,504,700","10.00","10.41","4.10","20,010,000","13,636","0.07%","Analyze"
"ASCB","A SPAC II Acquisition Corp.","05/30/2022","$211,120,000","10.00","10.40","4.00","20,300,000","310,275","1.53%","Analyze"
"AVAC","Avalon Acquisition Inc. - Class A","12/03/2021","$216,894,600","10.00","10.40","4.00","20,855,250","210,906","1.01%","Analyze"
"DPCS","DP Cap Acquisition Corp I - Class A","12/30/2021","$240,005,000","10.00","10.40","4.00","23,000,000","83,604","0.36%","Analyze"
"FNVT","Finnovate Acquisition Corp. Class A","12/08/2021","$181,134,000","10.00","10.40","4.00","17,400,000","1,871","0.01%","Analyze"
"GDST","Goldenstone Acquisition Limited","04/14/2022","$79,001,000","10.00","10.40","4.00","7,596,250","4,510","0.06%","Analyze"
"HORI","Emerging Markets Horizon Corp. Class A","01/31/2022","$297,850,000","10.00","10.40","4.00","28,750,000","39,465","0.14%","Analyze"
"LBBB","Lakeshore Acquisition II Corp.","08/12/2003","$95,071,600","10.00","10.40","4.00","9,141,500","26,337","0.29%","Analyze"
"MTVC","Motive Capital Corp II Class A","01/27/2022","$355,882,854","10.00","10.40","4.00","34,137,444","422,456","1.24%","Analyze"
"STET","ST Energy Transition I Ltd.","01/24/2022","$298,712,500","10.00","10.40","4.00","28,750,000","297,796","1.04%","Analyze"
"WTMA","Welsbach Technology Metals Acquisition Corp.","01/21/2022","$103,720,818","10.00","10.40","4.00","10,011,662","13,961","0.14%","Analyze"
"AHRN","Ahren Acquisition Corp. Class A","02/03/2022","$311,697,922","10.00","10.39","3.90","29,999,800","8,952","0.03%","Analyze"
"BNIX","Bannix Acquisition Corp.","10/27/2021","$97,915,360","10.00","10.39","3.90","9,424,000","22,901","0.24%","Analyze"
"BWAQ","Blue World Acquisition Corporation Class A","03/15/2022","$124,550,237","10.00","10.39","3.90","11,964,480","1,587","0.01%","Analyze"
"EMCG","Embrace Change Acquisition Corp","09/30/2013","$100,762,979","10.00","10.39","3.90","9,688,748","5,897","0.06%","Analyze"
"LVAC","LAVA Medtech Acquisition Corp. Class A","12/17/2021","$120,060,000","10.00","10.39","3.90","11,500,000","59,784","0.52%","Analyze"
"MLAI","McLaren Technology Acquisition Corp. Class A","12/23/2021","$209,098,750","10.00","10.39","3.90","20,125,000","24,283","0.12%","Analyze"
"MPRA","Mercato Partners Acquisition Corporation Class A","12/27/2021","$240,345,400","10.00","10.39","3.90","23,000,000","10,414","0.05%","Analyze"
"NVAC","NorthView Acquisition Corporation","01/24/2022","$251,596,688","10.00","10.39","3.90","24,168,750","37,404","0.15%","Analyze"
"PPYA","Papaya Growth Opportunity Corp. I Class A","03/03/2022","$312,900,045","10.00","10.39","3.90","30,115,500","151,933","0.50%","Analyze"
"SCMA","Seaport Calibre Materials Acquisition Corp. Class A","12/20/2021","$168,837,500","10.00","10.39","3.90","16,250,000","15,293","0.09%","Analyze"
"SZZL","Sizzle Acquisition Corp.","01/31/2022","$226,631,946","10.00","10.39","3.90","21,770,600","9,376","0.04%","Analyze"
"TGVC","TG Venture Acquisition Corp. Class A","11/22/2021","$119,735,700","10.00","10.39","3.90","11,557,500","4,225","0.04%","Analyze"
"USCT","TKB Critical Technologies 1 Class A","12/17/2021","$238,970,000","10.00","10.39","3.90","23,000,000","2,145","0.01%","Analyze"
"UTAA","UTA Acquisition Corporation - Class A","01/24/2022","$239,425,400","10.00","10.39","3.90","23,000,000","31,364","0.14%","Analyze"
"ACDI","Ascendant Digital Acquisition Corp. III","12/31/2021","$311,100,000","10.00","10.38","3.80","30,000,000","192,816","0.64%","Analyze"
"BYN","Banyan Acquisition Corporation","06/13/2007","$250,677,000","10.00","10.38","3.80","24,150,000","82,151","0.34%","Analyze"
"CCAI","Cascadia Acquisition Corp. Class A","10/18/2021","$155,250,000","10.00","10.38","3.80","15,000,000","116,776","0.78%","Analyze"
"GATE","Marblegate Acquisition Corp. Class A","03/10/2015","$320,536,700","10.00","10.38","3.80","30,910,000","5,864","0.02%","Analyze"
"GLTA","Galata Acquisition Corp. Class A","08/11/2021","$149,212,500","10.00","10.38","3.80","14,375,000","2,872","0.02%","Analyze"
"IPAX","Inflection Point Acquisition Corp. Class A Ordinary Share","11/12/2021","$334,640,193","10.00","10.38","3.80","32,975,000","17,975","0.05%","Analyze"
"JGGC","Jaguar Global Growth Corporation I - Class A","04/04/2022","$238,740,000","10.00","10.38","3.80","23,000,000","15,281","0.07%","Analyze"
"PORT","Southport Acquisition Corporation Class A","01/31/2022","$237,820,000","10.00","10.38","3.80","23,000,000","76,561","0.33%","Analyze"
"TENK","TenX Keane Acquisition","12/08/2022","$0","10.00","10.38","3.80","0","19,709","0.00%","Analyze"
"AMAO","American Acquisition Opportunity Inc. Class A","04/29/2021","$7,534,426","10.00","10.37","3.70","742,308","17,251","2.32%","Analyze"
"APN","Apeiron Capital Investment Corp. Class A","12/30/2021","$178,882,500","10.00","10.37","3.70","17,250,000","118","0.00%","Analyze"
"CNDB","Concord Acquisition Corp III","12/27/2021","$357,765,000","10.00","10.37","3.70","34,500,000","243,616","0.71%","Analyze"
"ITAQ","Industrial Tech Acquisitions II, Inc. Class A","03/03/2022","$179,055,000","10.00","10.37","3.70","17,250,000","16,468","0.10%","Analyze"
"MURF","Murphy Canyon Acquisition Corp. - Class A","03/28/2022","$145,521,390","10.00","10.37","3.70","13,979,000","517","0.00%","Analyze"
"PACI","PROOF Acquisition Corp I","01/21/2022","$286,212,000","10.00","10.37","3.70","27,600,000","128,313","0.46%","Analyze"
"ROCG","Roth CH Acquisition IV Co.","08/31/2021","$59,204,800","10.00","10.37","3.70","5,714,749","522","0.01%","Analyze"
"SGHL","Signal Hill Acquisition Corp. - Class A","03/27/2022","$103,500,000","10.00","10.37","3.70","10,000,000","60,302","0.60%","Analyze"
"XFIN","ExcelFin Acquisition Corp Class A","12/13/2021","$238,970,000","10.00","10.37","3.70","23,000,000","26,809","0.12%","Analyze"
"ACAB","Atlantic Coastal Acquisition Corp. II Class A","03/07/2022","$310,800,000","10.00","10.36","3.60","30,000,000","2,621","0.01%","Analyze"
"BMAC","Black Mountain Acquisition Corp. Class A","11/12/2021","$285,936,000","10.00","10.36","3.60","27,600,000","206,035","0.75%","Analyze"
"FIAC","Focus Impact Acquisition Corp. Class A","12/20/2021","$238,510,000","10.00","10.36","3.60","23,000,000","253,769","1.10%","Analyze"
"GLLI","Globalink Investment Inc.","12/23/2021","$155,726,900","10.00","10.36","3.60","14,945,000","26,751","0.18%","Analyze"
"GMFI","Aetherium Acquisition Corp. Class A","10/10/2017","$124,855,830","10.00","10.36","3.60","12,028,500","136,970","1.14%","Analyze"
"NPAB","New Providence Acquisition Corp. II Class A","12/27/2021","$259,000,000","10.00","10.36","3.60","25,000,000","10,128","0.04%","Analyze"
"ROSE","Rose Hill Acquisition Corporation Class A","12/06/2021","$146,058,471","10.00","10.36","3.60","14,098,308","1,165","0.01%","Analyze"
"SEPA","SEP Acquisition Corp - Class A","09/17/2021","$182,607,042","10.00","10.36","3.60","18,041,500","6,099","0.03%","Analyze"
"SMAP","SportsMap Tech Acquisition Corp.","10/16/2014","$156,068,500","10.00","10.36","3.60","15,050,000","990","0.01%","Analyze"
"THAC","Thrive Acquisition Corporation Class A","12/08/2021","$0","10.00","10.36","3.60","17,250,000","7,588","0.04%","Analyze"
"AEAE","AltEnergy Acquisition Corp. Class A","12/13/2021","$238,280,000","10.00","10.35","3.50","23,000,000","28,213","0.12%","Analyze"
"ATAK","Aurora Technology Acquisition Corp. Class A","03/20/2022","$209,272,000","10.00","10.35","3.50","20,200,000","11,088","0.05%","Analyze"
"AXAC","AXIOS Sustainable Growth Acquisition Corporation Class A","02/15/2022","$237,247,875","10.00","10.35","3.50","22,922,500","95,730","0.42%","Analyze"
"BRD","Beard Energy Transition Acquisition Corp. Class A","01/14/2022","$238,062,938","10.00","10.35","3.50","23,001,250","33,870","0.15%","Analyze"
"CLRC","ClimateRock - Class A","06/01/2022","$82,728,844","10.00","10.35","3.50","7,993,125","17,119","0.21%","Analyze"
"SUAC","ShoulderUp Technology Acquisition Corp. Class A","01/10/2022","$325,550,940","10.00","10.35","3.50","31,350,000","166,461","0.53%","Analyze"
"TMKR","Tastemaker Acquisition Corp. Class A","03/01/2021","$284,832,000","10.00","10.35","3.50","27,600,000","1,280","0.00%","Analyze"
"DTRT","DTRT Health Acquisition Corp. Class A","10/25/2021","$0","10.00","10.34","3.40","3,220,773","1,860","0.06%","Analyze"
"GAQ","Generation Asia I Acquisition Limited Class A","01/19/2022","$226,098,300","10.00","10.34","3.40","21,930,000","97,362","0.44%","Analyze"
"GSQB","G Squared Ascend II Inc. Class A","08/05/2021","$129,169,669","10.00","10.34","3.40","12,492,231","135,393","1.08%","Analyze"
"JUN","Juniper II Corp. Class A","12/23/2021","$309,166,000","10.00","10.34","3.40","29,900,000","86,250","0.29%","Analyze"
"MCAF","Mountain Crest Acquisition Corp. IV","07/28/2021","$78,144,550","10.00","10.34","3.40","7,557,500","1,225","0.02%","Analyze"
"SVII","Spring Valley Acquisition Corp. II - Class A","10/28/2022","$238,050,000","10.00","10.34","3.40","23,000,000","188,425","0.82%","Analyze"
"ALOR","ALSP Orchid Acquisition Corporation I Class A Ordinary Share","01/10/2022","$187,826,100","10.00","10.33","3.30","18,165,000","29,431","0.16%","Analyze"
"AOGO","Arogo Capital Acquisition Corp. - Class A","02/10/2022","$105,936,996","10.00","10.33","3.30","10,205,778","92,835","0.91%","Analyze"
"ARTE","Artemis Strategic Investment Corporation Class A","11/22/2021","$207,891,250","10.00","10.33","3.30","20,125,000","8,886","0.04%","Analyze"
"CIIG","CIIG Capital Partners II, Inc. Class A","10/01/1987","$298,137,500","10.00","10.33","3.30","28,750,000","143,311","0.50%","Analyze"
"CPAQ","Counter Press Acquisition Corporation - Class A","04/01/2022","$0","10.00","10.33","3.30","9,135,625","64,002","0.70%","Analyze"
"FLFV","Feutune Light Acquisition Corporation - Class A","08/08/2022","$107,472,300","10.00","10.33","3.30","10,333,875","6,570","0.06%","Analyze"
"GLBL","Cartesian Growth Corporation Class A","07/25/2017","$356,385,000","10.00","10.33","3.30","34,500,000","52,366","0.15%","Analyze"
"LHC","Leo Holdings Corp. II Class A","03/01/2021","$47,269,708","10.00","10.33","3.30","4,575,964","3,902","0.09%","Analyze"
"MBSC","M3-Brigade Acquisition III Corp. Class A","12/13/2021","$309,900,000","10.00","10.33","3.30","30,000,000","66,909","0.22%","Analyze"
"PGRW","Progress Acquisition Corp. Class A","03/15/2021","$224,507,250","10.00","10.33","3.30","21,712,500","641","0.00%","Analyze"
"PNAC","Prime Number Acquisition I Corp. - Class A","07/06/2022","$87,406,179","10.00","10.33","3.30","8,461,392","6,393","0.08%","Analyze"
"TRIS","Tristar Acquisition I Corp. Class A","12/06/2021","$237,590,000","10.00","10.33","3.30","23,000,000","365,549","1.59%","Analyze"
"VII","7GC & Co. Holdings Inc. - Class A","02/12/2021","$238,050,000","10.00","10.33","3.30","23,000,000","1,557","0.01%","Analyze"
"ASCA","A SPAC I Acquisition Corp. - Class A","03/17/2022","$56,006,109","10.00","10.32","3.20","5,421,695","1,560","0.03%","Analyze"
"CDAQ","Compass Digital Acquisition Corp. Class A","12/06/2021","$216,440,573","10.00","10.32","3.20","21,240,488","3,665","0.02%","Analyze"
"CSLM","Consilium Acquisition Corp I, Ltd. Class A Ordinary Share","03/07/2022","$195,916,875","10.00","10.32","3.20","18,975,000","182,801","0.96%","Analyze"
"GPAC","Global Partner Acquisition Corp II - Class A","10/29/2015","$309,600,000","10.00","10.32","3.20","30,000,000","1,686","0.01%","Analyze"
"PNTM","Pontem Corporation Class A","03/05/2021","$619,200,000","10.00","10.32","3.20","60,000,000","138,135","0.23%","Analyze"
"VMGA","VMG Consumer Acquisition Corp. Class A","01/03/2022","$237,590,000","10.00","10.32","3.20","23,000,000","254,146","1.11%","Analyze"
"WWAC","Worldwide Webb Acquisition Corp. Class A Ordinary Share","12/10/2021","$237,130,000","10.00","10.32","3.20","23,000,000","339,000","1.47%","Analyze"
"BYNO","byNordic Acquisition Corporation - Class A","04/01/2022","$188,630,300","10.00","10.31","3.10","18,190,000","575","0.00%","Analyze"
"CFFS","CF Acquisition Corp. VII Class A","02/09/2022","$193,171,000","10.00","10.31","3.10","18,700,000","45,470","0.24%","Analyze"
"HMAC","Hainan Manaslu Acquisition Corp.","09/11/2022","$92,534,280","10.00","10.31","3.10","8,966,500","10,702","0.12%","Analyze"
"IVCP","Swiftmerge Acquisition Corp. Class A Ordinary Share","02/03/2022","$231,975,000","10.00","10.31","3.10","22,500,000","11,544","0.05%","Analyze"
"NLIT","Northern Lights Acquisition Corp. - Class A","08/18/2021","$124,010,484","10.00","10.31","3.10","12,028,175","61,251","0.51%","Analyze"
"OCAX","OCA Acquisition Corp. - Class A","03/08/2021","$154,433,500","10.00","10.31","3.10","14,950,000","10,554","0.07%","Analyze"
"RWOD","Redwoods Acquisition Corp.","04/28/2022","$153,670,550","10.00","10.31","3.10","14,905,000","60,663","0.41%","Analyze"
"AAC","Ares Acquisition Corporation Class A","10/25/2019","$485,949,818","10.00","10.30","3.00","46,997,081","138,553","0.29%","Analyze"
"ACAX","Alset Capital Acquisition Corp. - Class A","03/24/2022","$93,626,138","10.00","10.30","3.00","9,098,750","28,487","0.31%","Analyze"
"ARYD","ARYA Sciences Acquisition Corp IV - Class A","02/26/2021","$159,124,700","10.00","10.30","3.00","15,449,000","11,981","0.08%","Analyze"
"CFIV","CF Acquisition Corp. IV Class A","02/16/2021","$525,300,000","10.00","10.30","3.00","51,000,000","959","0.00%","Analyze"
"DUET","DUET Acquisition Corp. - Class A","03/14/2022","$80,767,282","10.00","10.30","3.00","7,826,287","16,544","0.21%","Analyze"
"HHLA","HH&L Acquisition Co. Class A","03/29/2021","$426,420,000","10.00","10.30","3.00","41,400,000","9,004","0.02%","Analyze"
"IPVI","InterPrivate IV InfraTech Partners Inc. Class A","04/26/2021","$296,125,000","10.00","10.30","3.00","28,750,000","8,926","0.03%","Analyze"
"APTM","Alpha Partners Technology Merger Corp. Class A","09/17/2021","$297,992,025","10.00","10.29","2.90","29,115,000","70,217","0.24%","Analyze"
"FACT","Freedom Acquisition I Corp. Class A","04/19/2021","$355,036,050","10.00","10.29","2.90","34,500,000","73,836","0.21%","Analyze"
"KRNL","Kernel Group Holdings, Inc. - Class A","03/26/2021","$313,283,000","10.00","10.29","2.90","30,475,000","27,989","0.09%","Analyze"
"LGTO","Legato Merger Corp. II","12/22/2021","$368,087,750","10.00","10.29","2.90","35,911,000","591,382","1.65%","Analyze"
"RJAC","Jackson Acquisition Company Class A","01/31/2022","$228,952,500","10.00","10.29","2.90","22,250,000","7,961","0.04%","Analyze"
"ROCL","Roth CH Acquisition V Co.","01/05/2022","$152,815,950","10.00","10.29","2.90","14,836,500","46,368","0.31%","Analyze"
"SLAM","Slam Corp. - Class A","04/15/2021","$591,675,000","10.00","10.29","2.90","57,500,000","9,118","0.02%","Analyze"
"VBOC","Viscogliosi Brothers Acquisition Corp","02/28/2022","$111,478,125","10.00","10.29","2.90","10,781,250","119,660","1.11%","Analyze"
"WRAC","Williams Rowland Acquisition Corp.","09/16/2021","$296,130,750","10.00","10.29","2.90","28,750,000","5,255","0.02%","Analyze"
"BHAC","Crixus BH3 Acquisition Company Class A","01/21/2020","$236,440,000","10.00","10.28","2.80","23,000,000","70,868","0.31%","Analyze"
"CSTA","Constellation Acquisition Corp I Class A","03/19/2021","$308,400,000","10.00","10.28","2.80","30,000,000","1,590","0.01%","Analyze"
"NRAC","Noble Rock Acquisition Corporation - Class A","03/25/2021","$29,949,323","10.00","10.28","2.80","2,909,170","32,837","1.13%","Analyze"
"SAMA","Schultze Special Purpose Acquisition Corp. II Class A","12/28/2020","$169,455,000","10.00","10.28","2.80","16,500,000","5,224","0.03%","Analyze"
"STRE","Supernova Partners Acquisition Company III, Ltd. Class A","05/13/2021","$288,341,387","10.00","10.28","2.80","28,103,449","36,613","0.13%","Analyze"
"VPCB","VPC Impact Acquisition Holdings II - Class A ordinary shre","04/26/2021","$313,016,640","10.00","10.28","2.80","25,578,466","287,230","1.12%","Analyze"
"WQGA","World Quantum Growth Acquisition Corp. Class A","10/01/2021","$209,660,600","10.00","10.28","2.80","20,395,000","20,721","0.10%","Analyze"
"DHHC","DiamondHead Holdings Corp. Class A","03/18/2021","$652,740,000","10.00","10.27","2.70","34,500,000","69,471","0.20%","Analyze"
"GIW","GigInternational1, Inc.","07/09/2021","$0","10.00","10.27","2.70","27,084,000","5,372","0.02%","Analyze"
"INTE","Integral Acquisition Corporation 1 Class A","04/24/2018","$118,105,000","10.00","10.27","2.70","11,500,000","2,537","0.02%","Analyze"
"IXAQ","IX Acquisition Corp. Class A Ordinary Share","11/29/2021","$236,440,000","10.00","10.27","2.70","23,000,000","452,453","1.97%","Analyze"
"KYCH","Keyarch Acquisition Corporation","03/02/2022","$126,123,500","10.00","10.27","2.70","12,245,000","3,533","0.03%","Analyze"
"MCAG","Mountain Crest Acquisition Corp. V","12/02/2021","$92,425,216","10.00","10.27","2.70","9,025,900","303","0.00%","Analyze"
"MOBV","Mobiv Acquisition Corp - Class A","09/26/2022","$110,849,324","10.00","10.27","2.70","10,648,350","871,403","8.18%","Analyze"
"NFYS","Enphys Acquisition Corp.","11/26/2021","$350,865,000","10.00","10.27","2.70","34,500,000","29,921","0.09%","Analyze"
"TLGA","TLG Acquisition One Corp. Class A","03/22/2021","$81,630,119","10.00","10.27","2.70","7,948,405","13,279","0.17%","Analyze"
"YOTA","Yotta Acquisition Corporation","06/26/2022","$151,158,985","10.00","10.27","2.70","14,718,499","11,455","0.08%","Analyze"
"AFAC","Arena Fortify Acquisition Corp. Class A","12/31/2021","$177,157,500","10.00","10.26","2.60","17,250,000","30,990","0.18%","Analyze"
"ARGU","Argus Capital Corp. Class A","11/12/2021","$0","10.00","10.26","2.60","38,093,750","786","0.00%","Analyze"
"ARRW","Arrowroot Acquisition Corp. Class A","04/22/2021","$294,112,500","10.00","10.26","2.60","28,750,000","1,847","0.01%","Analyze"
"CLIN","Clean Earth Acquisitions Corp. - Class A","04/18/2022","$244,872,500","10.00","10.26","2.60","23,890,000","84,122","0.35%","Analyze"
"EFHT","EF Hutton Acquisition Corporation I","12/07/2022","$0","10.00","10.26","2.60","0","11,403","0.00%","Analyze"
"ENER","Accretion Acquisition Corp.","08/11/2017","$266,838,675","10.00","10.26","2.60","25,995,000","64,758","0.25%","Analyze"
"FOXW","FoxWayne Enterprises Acquisition Corp. - Class A","02/25/2021","$0","10.00","10.26","2.60","1,393,678","331","0.02%","Analyze"
"GBBK","Global Blockchain Acquisition Corp.","06/16/2022","$225,848,250","10.00","10.26","2.60","22,012,500","58,830","0.27%","Analyze"
"GSRM","GSR II Meteora Acquisition Corp. - Class A","04/18/2022","$326,370,000","10.00","10.26","2.60","31,625,000","100,973","0.32%","Analyze"
"IQMD","Intelligent Medicine Acquisition Corp. Class A","12/27/2021","$296,260,388","10.00","10.26","2.60","28,875,000","600","0.00%","Analyze"
"MACA","Moringa Acquisition Corp Class A","04/06/2021","$122,914,800","10.00","10.26","2.60","11,980,000","46,574","0.39%","Analyze"
"RFAC","RF Acquisition Corp. - Class A","04/19/2022","$120,159,000","10.00","10.26","2.60","11,700,000","205,239","1.75%","Analyze"
"ZING","FTAC Zeus Acquisition Corp. Class A","01/10/2022","$431,635,263","10.00","10.26","2.60","42,028,750","157,366","0.37%","Analyze"
"BCSA","Blockchain Coinvestors Acquisition Corp. I - Class A","12/31/2021","$321,050,500","10.00","10.25","2.50","31,322,000","50,591","0.16%","Analyze"
"LCAA","L Catterton Asia Acquisition Corp Class A","05/03/2021","$292,811,932","10.00","10.25","2.50","28,650,874","1,234,875","4.31%","Analyze"
"LCW","Learn CW Investment Corporation Class A","12/16/2013","$235,750,000","10.00","10.25","2.50","23,000,000","6,287","0.03%","Analyze"
"MEKA","MELI Kaszek Pioneer Corp","09/29/2021","$303,197,973","10.00","10.25","2.50","29,725,000","115,428","0.39%","Analyze"
"NBST","Newbury Street Acquisition Corporation","04/16/2021","$173,116,102","10.00","10.25","2.50","16,661,800","194,003","1.16%","Analyze"
"PRPC","CC Neuberger Principal Holdings III Class A","03/26/2021","$412,562,500","10.00","10.25","2.50","40,250,000","9,475","0.02%","Analyze"
"RKTA","Rocket Internet Growth Opportunities Corp. Class A","05/13/2021","$273,675,000","10.00","10.25","2.50","26,700,000","22,775","0.09%","Analyze"
"SEDA","SDCL EDGE Acquisition Corporation Class A","12/20/2021","$205,351,176","10.00","10.25","2.50","19,995,246","883","0.00%","Analyze"
"SWSS","Springwater Special Situations Corp.","09/23/2021","$230,438,850","10.00","10.25","2.50","22,481,839","4,214","0.02%","Analyze"
"VCXB","10X Capital Venture Acquisition Corp. III","03/03/2022","$322,436,665","10.00","10.25","2.50","31,153,000","16,684","0.05%","Analyze"
"AGAC","African Gold Acquisition Corporation Class A","03/25/2021","$423,729,000","10.00","10.24","2.40","41,400,000","17,921","0.04%","Analyze"
"ATEK","Athena Technology Acquisition Corp. II Class A","01/28/2022","$269,606,400","10.00","10.24","2.40","26,328,750","185,391","0.70%","Analyze"
"CHAA","Catcha Investment Corp. Class A","10/31/2013","$307,200,000","10.00","10.24","2.40","30,000,000","13,006","0.04%","Analyze"
"CPUH","Compute Health Acquisition Corp. Class A","03/29/2021","$1,104,000,000","10.00","10.24","2.40","107,812,500","28,021","0.03%","Analyze"
"TCOA","Trajectory Alpha Acquisition Corp. Class A","01/31/2022","$176,640,000","10.00","10.24","2.40","17,250,000","59,401","0.34%","Analyze"
"XPDB","Power & Digital Infrastructure Acquisition II Corp. Class A","01/31/2022","$294,400,000","10.00","10.24","2.40","28,750,000","332,888","1.16%","Analyze"
"APGB","Apollo Strategic Growth Capital II Class A","04/05/2021","$705,180,000","10.00","10.23","2.30","69,000,000","449,529","0.65%","Analyze"
"DRAY","Macondray Capital Acquisition Corp. I Class A","08/19/2021","$0","10.00","10.23","2.30","28,750,000","5,647","0.02%","Analyze"
"ERES","East Resources Acquisition Company - Class A","09/14/2020","$99,619,463","10.00","10.23","2.30","9,718,972","1,168","0.01%","Analyze"
"GIAC","Gesher I Acquisition Corp. Class A","11/09/2021","$149,103,708","10.00","10.23","2.30","14,575,000","34,100","0.23%","Analyze"
"INAQ","Insight Acquisition Corp. Class A","10/25/2021","$306,900,000","10.00","10.23","2.30","30,000,000","2,471","0.01%","Analyze"
"PLMI","Plum Acquisition Corp. I Class A Ordinary Share","05/05/2021","$328,473,614","10.00","10.23","2.30","31,921,634","64,519","0.20%","Analyze"
"PLTN","Plutonian Acquisition Corp.","01/11/2023","$58,822,500","10.00","10.23","2.30","5,750,000","48,863","0.85%","Analyze"
"QDRO","Quadro Acquisition One Corp. - Class A","02/27/2023","$235,060,000","10.00","10.23","2.30","23,000,000","5,281","0.02%","Analyze"
"TRCA","Twin Ridge Capital Acquisition Corp. Class A","04/26/2021","$217,989,157","10.00","10.23","2.30","21,308,813","78,709","0.37%","Analyze"
"AXH","Industrial Human Capital, Inc.","05/26/2005","$146,912,500","10.00","10.22","2.20","14,375,000","400","0.00%","Analyze"
"BITE","Bite Acquisition Corp.","04/05/2021","$262,040,800","10.00","10.22","2.20","25,640,000","8,439","0.03%","Analyze"
"DMYS","dMY Technology Group, Inc. VI Class A","11/22/2021","$246,813,000","10.00","10.22","2.20","24,150,000","89,081","0.37%","Analyze"
"EOCW","Elliott Opportunity II Corp. Class A","08/19/2021","$622,909,000","10.00","10.22","2.20","60,950,000","267,246","0.44%","Analyze"
"GFGD","The Growth for Good Acquisition Corporation Class A","01/31/2022","$266,481,000","10.00","10.22","2.20","26,100,000","74,101","0.28%","Analyze"
"HPLT","Home Plate Acquisition Corporation Class A","11/22/2021","$204,400,000","10.00","10.22","2.20","20,000,000","56,593","0.28%","Analyze"
"JUGG","Jaws Juggernaut Acquisition Corporation Class A Ordinary Share","08/09/2021","$282,072,000","10.00","10.22","2.20","27,600,000","216,752","0.79%","Analyze"
"MSDA","MSD Acquisition Corp. Class A","05/17/2021","$587,644,250","10.00","10.22","2.20","57,500,000","104,841","0.18%","Analyze"
"ORIA","Orion Biotech Opportunities Corp. - Class A","07/02/2021","$204,700,000","10.00","10.22","2.20","20,000,000","167,536","0.84%","Analyze"
"RCAC","Revelstone Capital Acquisition Corp. Class A","02/07/2022","$168,630,000","10.00","10.22","2.20","16,500,000","22,335","0.14%","Analyze"
"RONI","Rice Acquisition Corp. II Class A","08/06/2021","$352,615,550","10.00","10.22","2.20","34,502,500","248,441","0.72%","Analyze"
"ROSS","Ross Acquisition Corp II Class A","02/17/2006","$352,590,000","10.00","10.22","2.20","34,500,000","57,194","0.17%","Analyze"
"SGII","Seaport Global Acquisition II Corp. Class A","11/30/2021","$184,718,750","10.00","10.22","2.20","17,968,750","77,735","0.43%","Analyze"
"TCVA","TCV Acquisition Corp. Class A","04/07/2021","$420,042,000","10.00","10.22","2.20","41,100,000","360,596","0.88%","Analyze"
"TWOA","two Class A","03/30/2021","$218,876,875","10.00","10.22","2.20","21,437,500","159,783","0.75%","Analyze"
"VLAT","Valor Latitude Acquisition Corp. Class A","06/23/2021","$235,060,000","10.00","10.22","2.20","23,000,000","58,710","0.26%","Analyze"
"BNNR","Banner Acquisition Corp. Class A","10/29/2021","$160,611,000","10.00","10.21","2.10","15,700,000","61,071","0.39%","Analyze"
"BSAQ","Black Spade Acquisition Co Class A","09/07/2021","$172,380,000","10.00","10.21","2.10","16,900,000","54,332","0.32%","Analyze"
"DNAD","Social Capital Suvretta Holdings Corp. IV Class A","06/21/2001","$261,784,400","10.00","10.21","2.10","25,640,000","17,606","0.07%","Analyze"
"ESM","ESM Acquisition Corporation Class A","04/30/2021","$313,278,995","10.00","10.21","2.10","30,694,067","27,068","0.09%","Analyze"
"FICV","Frontier Investment Corp Class A","08/23/2021","$204,200,000","10.00","10.21","2.10","20,000,000","11,699","0.06%","Analyze"
"FLAG","First Light Acquisition Group, Inc. Class A","11/01/2021","$293,537,500","10.00","10.21","2.10","28,750,000","20,807","0.07%","Analyze"
"IBER","Ibere Pharmaceuticals Class A","04/19/2021","$140,760,000","10.00","10.21","2.10","13,800,000","548","0.00%","Analyze"
"MITA","Coliseum Acquisition Corp. Class A Ordinary Share","01/03/2000","$153,150,000","10.00","10.21","2.10","15,000,000","58,806","0.39%","Analyze"
"MTAL","Metals Acquisition Corp Class A","09/19/2021","$270,848,478","10.00","10.21","2.10","26,514,780","116,215","0.44%","Analyze"
"SANB","Sanaby Health Acquisition Corp. I - Class A","11/09/2021","$0","10.00","10.21","2.10","17,250,000","113,173","0.66%","Analyze"
"ACQR","Independence Holdings Corp. Class A Ordinary Share","04/29/2021","$428,318,746","10.00","10.20","2.00","42,033,243","33,975","0.08%","Analyze"
"AFTR","AfterNext HealthTech Acquisition Corp. Class A","10/04/2021","$255,000,000","10.00","10.20","2.00","25,000,000","7,576","0.03%","Analyze"
"BACA","Berenson Acquisition Corp. I Class A","11/18/2021","$280,464,450","10.00","10.20","2.00","27,510,000","295,894","1.08%","Analyze"
"CLAA","Colonnade Acquisition Corp. II Class A","04/30/2021","$335,610,000","10.00","10.20","2.00","33,000,000","107,499","0.33%","Analyze"
"CORS","Corsair Partnering Corporation Class A","08/23/2021","$286,518,000","10.00","10.20","2.00","28,090,000","134,628","0.48%","Analyze"
"CRZN","Corazon Capital V838 Monoceros Corp Class A","05/14/2021","$208,445,617","10.00","10.20","2.00","20,379,900","88,905","0.44%","Analyze"
"DNAB","Social Capital Suvretta Holdings Corp. II Class A","06/24/2021","$261,784,400","10.00","10.20","2.00","25,640,000","48,670","0.19%","Analyze"
"FZT","FAST Acquisition Corp. II Class A","05/06/2021","$226,783,607","10.00","10.20","2.00","22,233,687","10,826","0.05%","Analyze"
"HSAQ","Health Sciences Acquisitions Corporation 2","08/04/2020","$149,233,277","10.00","10.20","2.00","11,212,117","15,234","0.14%","Analyze"
"IGTA","Inception Growth Acquisition Limited","01/21/2022","$129,675,780","10.00","10.20","2.00","12,725,788","468,621","3.68%","Analyze"
"KAII","Kismet Acquisition Two Corp. Class A","04/12/2021","$234,600,000","10.00","10.20","2.00","23,000,000","364","0.00%","Analyze"
"LDHA","LDH Growth Corp I - Class A","05/10/2021","$234,830,000","10.00","10.20","2.00","23,000,000","22,096","0.10%","Analyze"
"LEGA","Lead Edge Growth Opportunities, Ltd Class A","05/13/2021","$0","10.00","10.20","2.00","31,874,283","327,236","1.03%","Analyze"
"LVRA","Levere Holdings Corp. Class A","05/10/2021","$276,711,026","10.00","10.20","2.00","27,128,532","158,783","0.59%","Analyze"
"OLIT","OmniLit Acquisition Corp. Class A","01/24/2022","$13,750,100","10.00","10.20","2.00","1,348,049","5,269","0.39%","Analyze"
"PACX","Pioneer Merger Corp. - Class A","03/01/2021","$0","10.00","10.20","2.00","40,250,000","1,852,693","4.60%","Analyze"
"SLVR","SilverSPAC Inc. Class A","07/24/1995","$255,000,000","10.00","10.20","2.00","25,000,000","4,317","0.02%","Analyze"
"SVFB","SVF Investment Corp. 2 - Class A","03/09/2021","$243,055,296","10.00","10.20","2.00","23,760,000","116,042","0.49%","Analyze"
"TBSA","TB SA Acquisition Corp Class A Ordinary Share","05/13/2021","$0","10.00","10.20","2.00","20,000,000","21,879","0.11%","Analyze"
"TRTL","TortoiseEcofin Acquisition Corp. III Class A","09/09/2021","$351,900,000","10.00","10.20","2.00","34,500,000","97,812","0.28%","Analyze"
"WAVS","Western Acquisition Ventures Corp.","04/10/2022","$150,460,200","10.00","10.20","2.00","14,751,000","2,205","0.01%","Analyze"
"WPCA","Warburg Pincus Capital Corporation IA Class A","04/25/2021","$289,090,216","10.00","10.20","2.00","28,342,178","65,893","0.23%","Analyze"
"WPCB","Warburg Pincus Capital Corporation IB Class A","04/25/2021","$559,725,000","10.00","10.20","2.00","54,875,000","27,257","0.05%","Analyze"
"ABGI","ABG Acquisition Corp. I - Class A","02/17/2021","$158,464,934","10.00","10.19","1.90","15,566,300","2,115","0.01%","Analyze"
"AGGR","Agile Growth Corp. Class A","04/30/2021","$315,890,000","10.00","10.19","1.90","31,000,000","33,355","0.11%","Analyze"
"ANAC","Arctos NorthStar Acquisition Corp. Class A","04/15/2021","$322,258,750","10.00","10.19","1.90","31,625,000","705","0.00%","Analyze"
"AQU","Aquaron Acquisition Corp.","10/19/2022","$55,332,160","10.00","10.19","1.90","5,417,180","11,445","0.21%","Analyze"
"BGSX","Build Acquisition Corp. Class A","05/06/2021","$203,600,000","10.00","10.19","1.90","20,000,000","126,914","0.63%","Analyze"
"BLEU","bleuacacia ltd Class A","01/10/2022","$281,520,000","10.00","10.19","1.90","27,600,000","50,072","0.18%","Analyze"
"HERA","FTAC Hera Acquisition Corp. Class A","04/26/2021","$886,349,797","10.00","10.19","1.90","87,067,760","238,561","0.27%","Analyze"
"HTAQ","Hunt Companies Acquisition Corp. I","12/30/2021","$234,370,000","10.00","10.19","1.90","23,000,000","149,180","0.65%","Analyze"
"PCX","Parsec Capital Acquisitions Corp Class A","12/28/2007","$0","10.00","10.19","1.90","8,625,000","53,305","0.62%","Analyze"
"PDOT","Peridot Acquisition Corp. II Class A","04/29/2021","$415,806,946","10.00","10.19","1.90","40,845,476","59,153","0.14%","Analyze"
"PFTA","Portage Fintech Acquisition Corporation Class A Ordinary Share","01/03/2000","$264,814,293","10.00","10.19","1.90","25,911,379","10,807","0.04%","Analyze"
"SKYA","Skydeck Acquisition Corp. Class A","07/09/2021","$226,203,642","10.00","10.19","1.90","22,165,962","333,272","1.50%","Analyze"
"TIOA","Tio Tech A Class A","06/01/2021","$352,245,000","10.00","10.19","1.90","34,500,000","9,010","0.03%","Analyze"
"CTAQ","Carney Technology Acquisition Corp. II Class A","02/01/2021","$0","10.00","10.18","1.80","41,150,000","344,122","0.84%","Analyze"
"EMLD","FTAC Emerald Acquisition Corp. Class A","02/07/2022","$263,364,860","10.00","10.18","1.80","25,845,423","2,826","0.01%","Analyze"
"FSNB","Fusion Acquisition Corp. II Class A","04/19/2021","$509,000,000","10.00","10.18","1.80","50,000,000","8,969","0.02%","Analyze"
"FST","FAST Acquisition Corp. Class A","10/12/2020","$203,600,000","10.00","10.18","1.80","20,000,000","1,756,123","8.78%","Analyze"
"FTEV","FinTech Evolution Acquisition Group Class A","04/21/2021","$279,038,149","10.00","10.18","1.80","27,410,158","44,644","0.16%","Analyze"
"HSPO","Horizon Space Acquisition I Corp.","01/25/2023","$94,133,865","10.00","10.18","1.80","9,210,750","2,503","0.03%","Analyze"
"LGAC","Lazard Growth Acquisition Corp. I","04/05/2021","$0","10.00","10.18","1.80","57,500,000","17,804","0.03%","Analyze"
"PANA","Panacea Acquisition Corp. II Class A","08/24/2020","$181,509,000","10.00","10.18","1.80","17,795,000","101,883","0.57%","Analyze"
"PEGR","Project Energy Reimagined Acquisition Corp. Class A","12/20/2021","$269,052,132","10.00","10.18","1.80","26,377,660","4,386","0.02%","Analyze"
"PEPL","PepperLime Health Acquisition Corporation Class A Ordinary Share","07/14/2003","$173,060,000","10.00","10.18","1.80","17,000,000","8,230","0.05%","Analyze"
"QOMO","Qomolangma Acquisition Corp.","11/25/2022","$72,382,997","10.00","10.18","1.80","7,054,873","200","0.00%","Analyze"
"SCOB","ScION Tech Growth II Class A","04/05/2021","$0","10.00","10.18","1.80","34,500,000","101,666","0.29%","Analyze"
"WAVC","Waverley Capital Acquisition Corp. 1 Class A","10/11/2021","$218,738,057","10.00","10.18","1.80","21,487,039","358,212","1.67%","Analyze"
"ARYE","ARYA Sciences Acquisition Corp V - Class A","07/13/2021","$157,579,800","10.00","10.17","1.70","15,449,000","2,323","0.02%","Analyze"
"ATMV","AlphaVest Acquisition Corp","01/24/2023","$70,276,500","10.00","10.17","1.70","6,900,000","2,894","0.04%","Analyze"
"BRKH","BurTech Acquisition Corp. Class A","01/31/2022","$292,100,000","10.00","10.17","1.70","28,750,000","47,448","0.17%","Analyze"
"CLAS","Class Acceleration Corp. Class A","03/08/2021","$228,825,000","10.00","10.17","1.70","22,500,000","72,515","0.32%","Analyze"
"CONX","CONX Corp. - Class A","12/21/2020","$85,208,165","10.00","10.17","1.70","8,378,384","1,298","0.02%","Analyze"
"FRON","Frontier Acquisition Corp. Class A","05/02/2021","$0","10.00","10.17","1.70","23,660,000","21,994","0.09%","Analyze"
"FWAC","Fifth Wall Acquisition Corp. III Class A","05/19/2021","$289,467,330","10.00","10.17","1.70","28,407,000","25,025","0.09%","Analyze"
"GAMC","Golden Arrow Merger Corp. Class A","05/06/2021","$364,406,250","10.00","10.17","1.70","35,937,500","148,033","0.41%","Analyze"
"HWKZ","Hawks Acquisition Corp","11/29/2021","$233,910,000","10.00","10.17","1.70","23,000,000","228,706","0.99%","Analyze"
"ITQ","Itiquira Acquisition Corp. Class A","05/23/2005","$0","10.00","10.17","1.70","23,000,000","66,025","0.29%","Analyze"
"MSAC","Medicus Sciences Acquisition Corp. Class A Ordinary Share","04/05/2021","$0","10.00","10.17","1.70","9,292,000","1,522","0.02%","Analyze"
"MTAC","MedTech Acquisition Corporation Class A","02/08/2021","$20,022,576","10.00","10.17","1.70","1,953,422","309","0.02%","Analyze"
"NVSA","New Vista Acquisition Corp Class A","04/12/2021","$0","10.00","10.17","1.70","27,600,000","15,484","0.06%","Analyze"
"PTOC","Pine Technology Acquisition Corp. Class A","05/03/2021","$350,175,000","10.00","10.17","1.70","34,500,000","304,843","0.88%","Analyze"
"PUCK","Goal Acquisitions Corp.","03/25/2021","$337,249,913","10.00","10.17","1.70","33,161,250","15,257","0.05%","Analyze"
"TETC","Tech and Energy Transition Corporation Class A","05/07/2021","$391,352,500","10.00","10.17","1.70","38,500,000","311,174","0.81%","Analyze"
"XPAX","XPAC Acquisition Corp. Class A","09/20/2021","$223,344,702","10.00","10.17","1.70","21,961,131","391,110","1.78%","Analyze"
"ATMC","AlphaTime Acquisition Corp","01/18/2023","$70,449,000","10.00","10.16","1.60","6,900,000","28,533","0.41%","Analyze"
"DNZ","D and Z Media Acquisition Corp. Class A","03/18/2021","$254,000,000","10.00","10.16","1.60","25,000,000","4,505","0.02%","Analyze"
"EAC","Edify Acquisition Corp. Class A","03/01/2021","$282,348,000","10.00","10.16","1.60","27,600,000","1,728","0.01%","Analyze"
"FTAA","FTAC Athena Acquisition Corp. Class A Ordinary Share","04/16/2021","$0","10.00","10.16","1.60","25,660,000","460,591","1.80%","Analyze"
"GFOR","Graf Acquisition Corp. IV","07/12/2021","$217,951,050","10.00","10.16","1.60","21,451,875","29,347","0.14%","Analyze"
"GLEE","Gladstone Acquisition Corp. Class A","09/27/2021","$108,735,673","10.00","10.16","1.60","10,702,330","6,745","0.06%","Analyze"
"IPVF","InterPrivate III Financial Partners Inc. Class A","04/25/2021","$274,366,875","10.00","10.16","1.60","26,767,500","7,085","0.03%","Analyze"
"KIII","Kismet Acquisition Three Corp. Class A","04/12/2021","$288,937,500","10.00","10.16","1.60","28,750,000","55,974","0.19%","Analyze"
"MARX","Mars Acquisition Corp.","03/13/2023","$70,104,000","10.00","10.16","1.60","6,900,000","219,457","3.18%","Analyze"
"MUDS","Mudrick Capital Acquisition Corporation II - Class A","03/12/2018","$0","10.00","10.16","1.60","31,625,000","1,132,866","3.58%","Analyze"
"NHIC","NewHold Investment Corp. II Class A","12/13/2021","$197,920,950","10.00","10.16","1.60","19,490,000","48,204","0.25%","Analyze"
"SVFA","SVF Investment Corp. - Class A","01/27/2021","$0","10.00","10.16","1.60","49,607,445","2,093,272","4.22%","Analyze"
"FMIV","Forum Merger IV Corporation Class A","05/13/2021","$436,489,747","10.00","10.15","1.50","43,003,916","388,785","0.90%","Analyze"
"GAPA","G&P Acquisition Corp. Class A","05/03/2021","$0","10.00","10.15","1.50","17,500,000","17,500","0.10%","Analyze"
"HUDA","Hudson Acquisition I Corp.","12/22/2022","$91,385,196","10.00","10.15","1.50","8,941,800","3,062","0.03%","Analyze"
"KSI","Kadem Sustainable Impact Corporation - Class A","11/13/2000","$0","10.00","10.15","1.50","17,500,000","230,331","1.32%","Analyze"
"NGC","Northern Genesis Acquisition Corp. III","05/14/2021","$218,795,938","10.00","10.15","1.50","21,556,250","36,513","0.17%","Analyze"
"SBII","Sandbridge X2 Corp. Class A","04/30/2021","$240,558,780","10.00","10.15","1.50","23,817,701","2,060","0.01%","Analyze"
"SPTK","SportsTek Acquisition Corp. Class A","05/10/2006","$0","10.00","10.15","1.50","17,250,000","1,224","0.01%","Analyze"
"AEAC","Authentic Equity Acquisition Corp. - Class A","03/08/2021","$0","10.00","10.14","1.40","23,000,000","33,125","0.14%","Analyze"
"BLUA","BlueRiver Acquisition Corp. Class A","03/22/2021","$350,987,816","10.00","10.14","1.40","34,614,183","32,901","0.10%","Analyze"
"FINM","Marlin Technology Corporation - Class A","03/05/2021","$0","10.00","10.14","1.40","41,400,000","117,134","0.28%","Analyze"
"JAQC","Jupiter Acquisition Corporation","10/01/2021","$146,728,752","10.00","10.14","1.40","14,570,879","11,799","0.08%","Analyze"
"LOKM","Live Oak Mobility Acquisition Corp. Class A","04/22/2021","$256,542,000","10.00","10.14","1.40","25,300,000","108,946","0.43%","Analyze"
"MIT","Mason Industrial Technology, Inc. Class A","03/22/2021","$507,000,000","10.00","10.14","1.40","50,000,000","1,653,260","3.31%","Analyze"
"SCRM","Screaming Eagle Acquisition Corp. Class A","02/28/2022","$760,125,000","10.00","10.14","1.40","75,000,000","436,574","0.58%","Analyze"
"TWLV","Twelve Seas Investment Company II Class A","04/12/2019","$451,758,000","10.00","10.14","1.40","44,290,000","89,676","0.20%","Analyze"
"TZPS","TZP Strategies Acquisition Corp. - Class A","03/12/2021","$0","10.00","10.14","1.40","28,750,000","385,444","1.34%","Analyze"
"AAQC","Accelerate Acquisition Corp. Class A","05/10/2021","$404,600,000","10.00","10.13","1.30","40,000,000","302,780","0.76%","Analyze"
"ALCC","AltC Acquisition Corp. Class A","07/08/2021","$521,265,675","10.00","10.13","1.30","51,450,000","186,676","0.36%","Analyze"
"BRIV","B. Riley Principal 250 Merger Corp. Class A","06/28/2021","$181,177,500","10.00","10.13","1.30","17,850,000","16,711","0.09%","Analyze"
"CLBR","Colombier Acquisition Corp. Class A","07/07/2021","$174,742,500","10.00","10.13","1.30","17,250,000","405,953","2.35%","Analyze"
"DAOO","Crypto 1 Acquisition Corp Class A","01/12/2022","$0","10.00","10.13","1.30","23,000,000","10,609","0.05%","Analyze"
"EGGF","EG Acquisition Corp. Class A","07/16/2021","$227,925,000","10.00","10.13","1.30","22,500,000","53,412","0.24%","Analyze"
"FCAX","Fortress Capital Acquisition Corp. Class A","03/05/2021","$354,550,000","10.00","10.13","1.30","35,000,000","769,214","2.20%","Analyze"
"FTPA","FTAC Parnassus Acquisition Corp. Class A","05/03/2021","$0","10.00","10.13","1.30","25,690,000","119,147","0.46%","Analyze"
"GGGV","G3 VRM Acquisition Corp. Class A","08/16/2021","$0","10.00","10.13","1.30","11,301,670","2,547","0.02%","Analyze"
"HCNE","Jaws Hurricane Acquisition Corp. Class A","08/02/2021","$320,993,750","10.00","10.13","1.30","31,625,000","56,604","0.18%","Analyze"
"KVSA","Khosla Ventures Acquisition Co. - Class A","03/04/2021","$359,868,600","10.00","10.13","1.30","35,490,000","188,221","0.53%","Analyze"
"KVSC","Khosla Ventures Acquisition Co. III Class A","03/24/2021","$585,076,637","10.00","10.13","1.30","57,756,825","240,520","0.42%","Analyze"
"LITT","Logistics Innovation Technologies Corp. - Class A","08/04/2021","$345,668,656","10.00","10.13","1.30","34,089,611","294,366","0.86%","Analyze"
"POW","Powered Brands - Class A","05/24/2019","$0","10.00","10.13","1.30","25,702,246","8,773","0.03%","Analyze"
"SCAQ","Stratim Cloud Acquisition Corp. Class A","05/03/2021","$253,750,000","10.00","10.13","1.30","25,000,000","159,130","0.64%","Analyze"
"DALS","DA32 Life Science Tech Acquisition Corp.","07/28/2021","$209,184,500","10.00","10.12","1.20","20,650,000","152,435","0.74%","Analyze"
"DLCA","Deep Lake Capital Acquisition Corp. - Class A","03/05/2021","$0","10.00","10.12","1.20","20,700,000","250,837","1.21%","Analyze"
"FLME","Flame Acquisition Corp. Class A","04/19/2021","$290,806,250","10.00","10.12","1.20","28,750,000","10,701","0.04%","Analyze"
"HWEL","Healthwell Acquisition Corp. I Class A","09/23/2021","$253,375,000","10.00","10.12","1.20","25,000,000","182,486","0.73%","Analyze"
"IGAC","IG Acquisition Corp. - Class A","11/23/2020","$0","10.00","10.12","1.20","2,535,838","5,100","0.20%","Analyze"
"PSPC","Post Holdings Partnering Corporation Series A","07/16/2021","$360,170,800","10.00","10.12","1.20","35,590,000","47,674","0.13%","Analyze"
"RCHG","Recharge Acquisition Corp. - Class A","11/20/2020","$0","10.00","10.12","1.20","20,040,000","4,257","0.02%","Analyze"
"ZT","Zimmer Energy Transition Acquisition Corp. - Class A","12/18/2012","$349,140,000","10.00","10.12","1.20","34,500,000","96,843","0.28%","Analyze"
"ACRO","Acropolis Infrastructure Acquisition Corp. Class A","08/30/2021","$348,795,000","10.00","10.11","1.10","34,500,000","200,203","0.58%","Analyze"
"AGCB","Altimeter Growth Corp. 2 Class A","01/07/2021","$465,840,500","10.00","10.11","1.10","46,100,000","1,910","0.00%","Analyze"
"AKIC","Sports Ventures Acquisition Corp. - Class A","02/26/2021","$0","10.00","10.11","1.10","23,660,000","116,595","0.49%","Analyze"
"CNDA","Concord Acquisition Corp II Class A","10/22/2021","$283,038,524","10.00","10.11","1.10","28,009,750","80,002","0.29%","Analyze"
"CVII","Churchill Capital Corp VII Class A","04/05/2021","$1,396,560,000","10.00","10.11","1.10","138,000,000","1,025,171","0.74%","Analyze"
"GWII","Good Works II Acquisition Corp.","08/23/2021","$0","10.00","10.11","1.10","8,874,470","2,492","0.03%","Analyze"
"KLAQ","KL Acquisition Corp Class A","03/01/2021","$0","10.00","10.11","1.10","28,750,000","3,674","0.01%","Analyze"
"RACB","Research Alliance Corp. II - Class A","03/18/2021","$0","10.00","10.11","1.10","15,449,000","13,525","0.09%","Analyze"
"SIER","Sierra Lake Acquisition Corp. Class A","11/05/2021","$0","10.00","10.11","1.10","30,000,000","100,224","0.33%","Analyze"
"TWNI","Tailwind International Acquisition Corp. Class A","04/09/2021","$348,622,500","10.00","10.11","1.10","34,500,000","42,879","0.12%","Analyze"
"ALPA","Alpha Healthcare Acquisition Corp. III Class A","12/06/2002","$160,988,808","10.00","10.10","1.00","15,907,985","817","0.01%","Analyze"
"APMI","AxonPrime Infrastructure Acquisition Corporation Class A","10/04/2021","$151,500,000","10.00","10.10","1.00","15,000,000","20,890","0.14%","Analyze"
"BLAC","Bellevue Life Sciences Acquisition Corp.","03/16/2023","$91,455,500","10.00","10.10","1.00","9,055,000","48,445","0.54%","Analyze"
"CCVI","Churchill Capital Corp VI Class A","04/05/2021","$556,968,000","10.00","10.10","1.00","55,200,000","428,714","0.78%","Analyze"
"DHBC","DHB Capital Corp. Class A","04/22/2021","$0","10.00","10.10","1.00","28,750,000","22,940","0.08%","Analyze"
"EPHY","Epiphany Technology Acquisition Corp. Class A","03/01/2021","$0","10.00","10.10","1.00","41,050,000","41,455","0.10%","Analyze"
"FTVI","FinTech Acquisition Corp. VI Class A","08/16/2021","$259,469,000","10.00","10.10","1.00","25,690,000","30,136","0.12%","Analyze"
"HCAR","Healthcare Services Acquisition Corporation - Class A","01/05/2021","$334,843,200","10.00","10.10","1.00","33,120,000","6,553","0.02%","Analyze"
"HCVI","Hennessy Capital Investment Corp. VI Class A","11/19/2021","$344,338,835","10.00","10.10","1.00","34,092,954","17,230","0.05%","Analyze"
"JOFF","JOFF Fintech Acquisition Corp. Class A","03/29/2021","$0","10.00","10.10","1.00","41,400,000","84,245","0.20%","Analyze"
"LCA","Landcadia Holdings IV, Inc. Class A","06/06/2019","$502,005,000","10.00","10.10","1.00","50,000,000","39,109","0.08%","Analyze"
"LOCC","Live Oak Crestview Climate Acquisition Corp.","11/15/2021","$202,002,000","10.00","10.10","1.00","20,000,000","87,730","0.44%","Analyze"
"MEAC","Mercury Ecommerce Acquisition Corp Class A","09/16/2021","$179,873,755","10.00","10.10","1.00","18,041,500","2,740","0.02%","Analyze"
"OMEG","Omega Alpha SPAC - Class A","01/07/2021","$0","10.00","10.10","1.00","14,301,000","33,021","0.23%","Analyze"
"PMGM","Priveterra Acquisition Corp. - Class A","04/11/2021","$280,692,000","10.00","10.10","1.00","27,600,000","10,007","0.04%","Analyze"
"PRBM","Parabellum Acquisition Corp. Class A","10/26/2021","$144,612,500","10.00","10.10","1.00","14,375,000","9,200","0.06%","Analyze"
"SCOA","ScION Tech Growth I - Class A","07/06/2001","$0","10.00","10.10","1.00","57,500,000","114,079","0.20%","Analyze"
"TACA","Trepont Acquisition Corp I Class A","01/22/2021","$202,000,000","10.00","10.10","1.00","20,000,000","3,545","0.02%","Analyze"
"TMAC","The Music Acquisition Corporation Class A","03/26/2021","$232,300,000","10.00","10.10","1.00","23,000,000","1,151","0.01%","Analyze"
"ATAQ","Altimar Acquisition Corp. III Class A","04/26/2021","$156,648,803","10.00","10.09","0.90","15,525,000","145,105","0.93%","Analyze"
"CAS","Cascade Acquisition Corp. Class A","01/15/2021","$201,800,000","10.00","10.09","0.90","20,000,000","200,519","1.00%","Analyze"
"CCV","Churchill Capital Corp V Class A","02/05/2021","$454,050,000","10.00","10.09","0.90","45,000,000","825,756","1.84%","Analyze"
"EPWR","Empowerment & Inclusion Capital I Corp. Class A","03/01/2021","$278,346,000","10.00","10.09","0.90","27,600,000","6,710","0.02%","Analyze"
"GFX","Golden Falcon Acquisition Corp. Class A","02/08/2021","$348,105,000","10.00","10.09","0.90","34,500,000","5,226","0.02%","Analyze"
"LGV","Longview Acquisition Corp. II Class A","05/10/2021","$696,210,000","10.00","10.09","0.90","69,000,000","100","0.00%","Analyze"
"NSTC","Northern Star Investment Corp. III Class A","11/25/2011","$504,500,000","10.00","10.09","0.90","50,000,000","109,603","0.22%","Analyze"
"RMGC","RMG Acquisition Corp. III Class A","03/29/2021","$492,660,000","10.00","10.09","0.90","48,300,000","5,999","0.01%","Analyze"
"SLAC","Social Leverage Acquisition Corp I Class A","04/05/2021","$433,841,813","10.00","10.09","0.90","43,125,000","9,954","0.02%","Analyze"
"SPGS","Simon Property Group Acquisition Holdings, Inc. Class A","04/12/2021","$348,070,500","10.00","10.09","0.90","34,500,000","15,469","0.04%","Analyze"
"ACII","Atlas Crest Investment Corp. II Class A","03/29/2021","$347,415,000","10.00","10.08","0.80","34,500,000","1,204","0.00%","Analyze"
"COOL","Corner Growth Acquisition Corp. - Class A","02/19/2021","$402,000,000","10.00","10.08","0.80","40,000,000","2,720","0.01%","Analyze"
"CPAA","Conyers Park III Acquisition Corp. Class A","09/09/2019","$359,856,000","10.00","10.08","0.80","35,700,000","31,665","0.09%","Analyze"
"FSSI","Fortistar Sustainable Solutions Corp. Class A","03/19/2021","$0","10.00","10.08","0.80","25,875,000","2,017","0.01%","Analyze"
"GGMC","Glenfarne Merger Corp. - Class A","12/31/1999","$285,872,059","10.00","10.08","0.80","28,109,347","4,972","0.02%","Analyze"
"HCII","Hudson Executive Investment Corp. II Class A","03/18/2021","$226,800,000","10.00","10.08","0.80","22,500,000","25,812","0.11%","Analyze"
"HIII","Hudson Executive Investment Corp. III Class A","04/16/2021","$0","10.00","10.08","0.80","60,000,000","130,003","0.22%","Analyze"
"HLAH","Hamilton Lane Alliance Holdings I, Inc. - Class A","03/05/2021","$0","10.00","10.08","0.80","27,600,000","1,001,919","3.63%","Analyze"
"IIII","INSU Acquisition Corp. III Class A","02/08/2021","$0","10.00","10.08","0.80","25,575,000","167,791","0.66%","Analyze"
"KAIR","Kairos Acquisition Corp. - Class A","02/26/2021","$0","10.00","10.08","0.80","27,600,000","2,704","0.01%","Analyze"
"LHAA","Lerer Hippeau Acquisition Corp. - Class A","03/05/2021","$231,351,211","10.00","10.08","0.80","22,951,509","598","0.00%","Analyze"
"MDH","MDH Acquisition Corp. Class A","03/25/2021","$277,104,000","10.00","10.08","0.80","27,600,000","143,952","0.52%","Analyze"
"NDAC","NightDragon Acquisition Corp. Class A","04/22/2021","$0","10.00","10.08","0.80","35,535,000","59,135","0.17%","Analyze"
"OHPA","Orion Acquisition Corp. Class A","04/22/2021","$0","10.00","10.08","0.80","41,400,000","23,662","0.06%","Analyze"
"PSAG","Property Solutions Acquisition Corporation II Class A","04/09/2021","$0","10.00","10.08","0.80","32,839,000","15,755","0.05%","Analyze"
"ZWRK","Z-Work Acquisition Corp. Class A","03/22/2021","$282,324,992","10.00","10.08","0.80","23,000,000","19,205","0.08%","Analyze"
"ALTU","Altitude Acquisition Corp. - Class A","01/29/2021","$51,005,465","10.00","10.07","0.70","5,055,051","8,411","0.17%","Analyze"
"AMPI","Advanced Merger Partners, Inc. Class A","04/22/2021","$289,512,500","10.00","10.07","0.70","28,750,000","3,206","0.01%","Analyze"
"CLRM","Clarim Acquisition Corp. - Class A","03/22/2021","$0","10.00","10.07","0.70","28,750,000","7,200","0.03%","Analyze"
"COLI","Colicity Inc. Class A","04/16/2021","$0","10.00","10.07","0.70","32,740,915","7,445","0.02%","Analyze"
"CPAR","Catalyst Partners Acquisition Corp. - Class A","07/14/2021","$0","10.00","10.07","0.70","34,603,910","2,915","0.01%","Analyze"
"EUCR","Eucrates Biomedical Acquisition Corp.","12/28/2020","$136,610,109","10.00","10.07","0.70","13,459,124","110","0.00%","Analyze"
"FSRX","FinServ Acquisition Corp. II Class A","04/12/2021","$313,698,000","10.00","10.07","0.70","30,800,000","7,177","0.02%","Analyze"
"HMCO","HumanCo Acquisition Corp. - Class A","01/28/2021","$0","10.00","10.07","0.70","31,250,000","1,344,984","4.30%","Analyze"
"NSTD","Northern Star Investment Corp. IV Class A","04/22/2021","$503,500,000","10.00","10.07","0.70","50,000,000","78,480","0.16%","Analyze"
"OEPW","One Equity Partners Open Water I Corp. Class A","03/15/2021","$0","10.00","10.07","0.70","34,500,000","4,024","0.01%","Analyze"
"OSTR","Oyster Enterprises Acquisition Corp. - Class A","03/12/2021","$0","10.00","10.07","0.70","23,000,000","730","0.00%","Analyze"
"PHIC","Population Health Investment Co., Inc. - Class A","01/08/2021","$0","10.00","10.07","0.70","17,250,000","1,048","0.01%","Analyze"
"PSTH","Pershing Square Tontine Holdings, Ltd. Class A","09/11/2020","$4,028,000,000","20.00","20.14","0.70","200,000,000","18,155,855","9.08%","Analyze"
"SHAC","SCP & CO Healthcare Acquisition Company Class A","03/15/2021","$0","10.00","10.07","0.70","23,000,000","2,682","0.01%","Analyze"
"ACAH","Atlantic Coastal Acquisition Corp. - Class A","04/26/2021","$347,415,000","10.00","10.06","0.60","34,500,000","37,812","0.11%","Analyze"
"BSKY","Big Sky Growth Partners, Inc. Class A","06/18/2021","$0","10.00","10.06","0.60","30,000,000","19,626","0.07%","Analyze"
"DHCA","DHC Acquisition Corp. Class A ordinary share","04/22/2021","$310,784,453","10.00","10.06","0.60","30,945,072","125,141","0.40%","Analyze"
"EQHA","EQ Health Acquisition Corp. Class A","03/22/2021","$221,319,598","10.00","10.06","0.60","21,999,960","7,149","0.03%","Analyze"
"ETAC","E.Merge Technology Acquisition Corp. - Class A","09/18/2020","$0","10.00","10.06","0.60","61,200,000","48,921","0.08%","Analyze"
"GHAC","Gaming & Hospitality Acquisition Corp. - Class A","03/26/2021","$209,125,538","10.00","10.06","0.60","20,777,500","216,219","1.04%","Analyze"
"GHIX","Gores Holdings IX, Inc. Class A","03/03/2022","$527,362,500","10.00","10.06","0.60","52,500,000","122,252","0.23%","Analyze"
"GLHA","Glass Houses Acquisition Corp. - Class A","05/13/2021","$0","10.00","10.06","0.60","22,047,293","7,055","0.03%","Analyze"
"LMACA","Liberty Media Acquisition Corporation Series A","03/15/2021","$0","10.00","10.06","0.60","57,500,000","52,152","0.09%","Analyze"
"MON","Monument Circle Acquisition Corp. - Class A","03/12/2021","$0","10.00","10.06","0.60","25,000,000","26,349","0.11%","Analyze"
"NOAC","Natural Order Acquisition Corp.","01/29/2021","$0","10.00","10.06","0.60","28,750,000","100,641","0.35%","Analyze"
"SHCA","Spindletop Health Acquisition Corp. Class A","12/27/2021","$0","10.00","10.06","0.60","26,315,178","3,256","0.01%","Analyze"
"SWET","Athlon Acquisition Corp. - Class A","10/22/2002","$0","10.00","10.06","0.60","27,600,000","478,669","1.73%","Analyze"
"TSIB","Tishman Speyer Innovation Corp. II Class A","04/04/2021","$0","10.00","10.06","0.60","30,000,000","845","0.00%","Analyze"
"VTIQ","VectoIQ Acquisition Corp. II - Class A","03/03/2021","$431,445,024","10.00","10.06","0.60","35,400,000","480","0.00%","Analyze"
"CRU","Crucible Acquisition Corporation Class A","11/14/2011","$22,612,500","10.00","10.05","0.50","2,250,000","85,276","3.79%","Analyze"
"FVT","Fortress Value Acquisition Corp. III Class A","02/25/2021","$201,000,000","10.00","10.05","0.50","20,000,000","61,600","0.31%","Analyze"
"HAAC","Health Assurance Acquisition Corp. - Class A","01/14/2021","$0","10.00","10.05","0.50","52,500,000","496,467","0.95%","Analyze"
"HCIC","Hennessy Capital Investment Corp. V  - Class A","03/08/2021","$0","10.00","10.05","0.50","34,500,000","6,801","0.02%","Analyze"
"HIGA","H.I.G. Acquisition Corp. Class A","12/11/2020","$365,400,780","10.00","10.05","0.50","36,394,500","202,970","0.56%","Analyze"
"HZON","Horizon Acquisition Corporation II Class A","12/10/2020","$527,625,000","10.00","10.05","0.50","52,500,000","3,263","0.01%","Analyze"
"INKA","KludeIn I Acquisition Corp. - Class A","03/01/2021","$6,440,305","10.00","10.05","0.50","617,864","48,217","7.80%","Analyze"
"LFTR","Lefteris Acquisition Corp. - Class A","12/15/2020","$0","10.00","10.05","0.50","20,709,894","7,867","0.04%","Analyze"
"SCLE","Broadscale Acquisition Corp. Class A","04/05/2021","$0","10.00","10.05","0.50","34,500,000","26,325","0.08%","Analyze"
"SSAA","Science Strategic Acquisition Corp. Alpha - Class A","12/21/2009","$0","10.00","10.05","0.50","31,050,000","1,159","0.00%","Analyze"
"VYGG","Vy Global Growth Class A","11/20/2020","$577,875,000","10.00","10.05","0.50","57,500,000","481,448","0.84%","Analyze"
"AVAN","Avanti Acquisition Corp. Class A","11/23/2020","$602,400,000","10.00","10.04","0.40","60,000,000","7,653,430","12.76%","Analyze"
"BTWN","Bridgetown Holdings Limited - Class A","12/07/2020","$151,911,387","10.00","10.04","0.40","15,093,034","23,011","0.15%","Analyze"
"DILA","DILA Capital Acquisition Corp. Class A","08/04/2021","$0","10.00","10.04","0.40","6,121,980","3,068","0.05%","Analyze"
"FACA","Figure Acquisition Corp. I Class A","04/12/2021","$288,650,000","10.00","10.04","0.40","28,750,000","961","0.00%","Analyze"
"FVIV","Fortress Value Acquisition Corp. IV Class A","05/06/2021","$652,600,000","10.00","10.04","0.40","65,000,000","574","0.00%","Analyze"
"IACC","ION Acquisition Corp 3 Ltd. Class A","04/30/2021","$261,602,240","10.00","10.04","0.40","26,056,000","212","0.00%","Analyze"
"JYAC","Jiya Acquisition Corp. - Class A","11/19/2020","$0","10.00","10.04","0.40","10,859,081","1,461","0.01%","Analyze"
"LUXA","Lux Health Tech Acquisition Corp. - Class A","12/16/2020","$0","10.00","10.04","0.40","34,500,000","2,479,648","7.19%","Analyze"
"MACC","Mission Advancement Corp. Class A","04/23/2021","$347,070,000","10.00","10.04","0.40","34,500,000","478","0.00%","Analyze"
"PMVC","PMV Consumer Acquisition Corp. Class A","11/12/2020","$0","10.00","10.04","0.40","5,046,609","720","0.01%","Analyze"
"REVH","Revolution Healthcare Acquisition Corp. SAIL Class A","05/10/2021","$0","10.00","10.04","0.40","47,503,005","371","0.00%","Analyze"
"RXRA","RXR Acquisition Corp. Class A","04/26/2021","$0","10.00","10.04","0.40","34,500,000","309,638","0.90%","Analyze"
"SRSA","Sarissa Capital Acquisition Corp. - Class A","12/11/2020","$0","10.00","10.04","0.40","20,000,000","7,304","0.04%","Analyze"
"TEKK","Tekkorp Digital Acquisition Corp. - Class A","12/18/2020","$0","10.00","10.04","0.40","25,000,000","34,735","0.14%","Analyze"
"TPGY","TPG Pace Beneficial Finance Corp. Class A","11/27/2020","$351,400,000","10.00","10.04","0.40","35,000,000","244,098","0.70%","Analyze"
"TWCB","Bilander Acquisition Corp. - Class A","09/08/2021","$169,190,044","10.00","10.04","0.40","16,851,598","125,096","0.74%","Analyze"
"PCPC","Periphas Capital Partnering Corporation Class A","02/01/2021","$361,296,000","25.00","25.09","0.36","14,400,000","59,281","0.41%","Analyze"
"ASAQ","Atlantic Avenue Acquisition Corp. Class A","10/15/2020","$250,750,000","10.00","10.03","0.30","25,000,000","141,340","0.57%","Analyze"
"BLSA","BCLS Acquisition Corp. - Class A","10/22/2020","$0","10.00","10.03","0.30","14,862,500","4,694","0.03%","Analyze"
"CLIM","Climate Real Impact Solutions II Acquisition Corporation Class A","03/19/2021","$242,224,500","10.00","10.03","0.30","24,150,000","16,725","0.07%","Analyze"
"IPOD","Social Capital Hedosophia Holdings Corp. IV Class A","11/30/2020","$461,380,000","10.00","10.03","0.30","46,000,000","605,476","1.32%","Analyze"
"IPOF","Social Capital Hedosophia Holdings Corp. VI Class A","11/30/2020","$1,153,450,000","10.00","10.03","0.30","115,000,000","952,276","0.83%","Analyze"
"PIPP","Pine Island Acquisition Corp. Class A","01/07/2021","$219,042,663","10.00","10.03","0.30","21,838,750","290,948","1.33%","Analyze"
"SDAC","Sustainable Development Acquisition I Corp. Class A","03/29/2021","$319,096,250","10.00","10.03","0.30","31,625,000","2,566","0.01%","Analyze"
"TMPM","Turmeric Acquisition Corp. - Class A","12/16/2020","$0","10.00","10.03","0.30","9,775,000","15,659","0.16%","Analyze"
"AFAQ","AF Acquisition Corp.","03/26/2008","$0","10.00","10.02","0.20","22,400,000","115","0.00%","Analyze"
"BLNG","Belong Acquisition Corp. Class A","09/13/2021","$155,500,000","10.00","10.02","0.20","15,550,000","1,504","0.01%","Analyze"
"EQD","Equity Distribution Acquisition Corp. Class A","11/06/2020","$414,828,000","10.00","10.02","0.20","41,400,000","214,959","0.52%","Analyze"
"EVOJ","Evo Acquisition Corp. Class A","04/01/2021","$125,255,010","10.00","10.02","0.20","12,500,500","133","0.00%","Analyze"
"FRW","PWP Forward Acquisition Corp. I Class A","04/30/2021","$0","10.00","10.02","0.20","21,163,433","1,110","0.01%","Analyze"
"LEAP","Ribbit LEAP, Ltd. Class A","11/02/2020","$10,070,100","10.00","10.02","0.20","1,005,000","7,976","0.79%","Analyze"
"SHQA","Shelter Acquisition Corporation I - Class A","08/20/2021","$0","10.00","10.02","0.20","22,164,744","11,783","0.05%","Analyze"
"TSPQ","TCW Special Purpose Acquisition Corp. Class A","04/21/2021","$464,860,856","10.00","10.02","0.20","46,393,299","315,525","0.68%","Analyze"
"VELO","Velocity Acquisition Corp. - Class A","04/15/2021","$280,024,992","10.00","10.02","0.20","23,000,000","368,391","1.60%","Analyze"
"BYTS","BYTE Acquisition Corp. Class A","05/09/2021","$342,676,315","10.00","10.01","0.10","33,399,251","7,758","0.02%","Analyze"
"FVAM","5:01 Acquisition Corp. - Class A","10/14/2020","$0","10.00","10.01","0.10","8,621,399","519,323","6.02%","Analyze"
"GOAC","GO Acquisition Corp. Class A","09/25/2020","$575,575,000","10.00","10.01","0.10","57,500,000","165,698","0.29%","Analyze"
"GSAQ","Global Synergy Acquisition Corp.","03/01/2021","$0","10.00","10.01","0.10","25,875,000","115","0.00%","Analyze"
"IRAA","Iris Acquisition Corp - Class A","05/26/2021","$285,419,880","10.00","10.01","0.10","27,600,000","3,593","0.01%","Analyze"
"ISLE","Isleworth Healthcare Acquisition Corporation","03/29/2021","$0","10.00","10.01","0.10","26,191,249","235,597","0.90%","Analyze"
"KAHC","KKR Acquisition Holdings I Corp. Class A","05/07/2021","$1,381,380,000","10.00","10.01","0.10","138,000,000","9,301","0.01%","Analyze"
"OHAA","OPY Acquisition Corp. I - Class A","12/20/2021","$24,943,871","10.00","10.01","0.10","2,479,510","700","0.03%","Analyze"
"VAQC","Vector Acquisition Corporation II - Class A","03/10/2021","$574,073,500","10.00","10.01","0.10","57,350,000","15,212","0.03%","Analyze"
"WARR","Warrior Technologies Acquisition Company Class A","04/19/2021","$276,276,000","10.00","10.01","0.10","27,600,000","18,656","0.07%","Analyze"
"BLACR","Bellevue Life Sciences Acquisition Corp. Rights","03/16/2023","$91,455,500","10.00","0.00","0.00","9,055,000","0","0.00%","Analyze"
"CETU","Cetus Capital Acquisition Corp. Class A","03/23/2023","$0","10.00","0.00","0.00","0","0","0.00%","Analyze"
"CETUR","Cetus Capital Acquisition Corp. Right to receive 1/6 of one share of Class A","03/23/2023","$0","10.00","0.00","0.00","0","0","0.00%","Analyze"
"GOBI","Gobi Acquisition Corp. - Class A","06/29/2021","$0","10.00","10.00","0.00","25,853,388","480","0.00%","Analyze"
"GTPA","Gores Technology Partners, Inc. Class A","05/03/2021","$285,450,000","10.00","10.00","0.00","27,500,000","30,033","0.11%","Analyze"
"GTPB","Gores Technology Partners II, Inc. Class A","05/03/2021","$0","10.00","10.00","0.00","46,000,000","117,089","0.25%","Analyze"
"JWSM","Jaws Mustang Acquisition Corp. Class A","03/26/2021","$21,015,104","10.00","10.00","0.00","2,103,614","17,363","0.83%","Analyze"
"ZURA","Zura Bio Limited Class A","03/21/2023","$572,872,500","10.00","0.00","0.00","17,250,000","0","0.00%","Analyze"
"ASZ","Austerlitz Acquisition Corporation II Class A","04/19/2021","$1,377,930,000","10.00","9.99","-0.10","138,000,000","6,712","0.00%","Analyze"
"GSEV","Gores Holdings VII, Inc. Class A","04/14/2021","$0","10.00","9.99","-0.10","55,000,000","196,261","0.36%","Analyze"
"NSTB","Northern Star Investment Corp. II Class A","02/11/2021","$399,600,000","10.00","9.99","-0.10","40,000,000","7,925","0.02%","Analyze"
"SNRH","Senior Connect Acquisition Corp. I Class A","02/01/2021","$414,000,000","10.00","9.99","-0.10","41,400,000","5,851","0.01%","Analyze"
"AUS","Austerlitz Acquisition Corporation I Class A","04/19/2021","$688,620,000","10.00","9.98","-0.20","69,000,000","7,659","0.01%","Analyze"
"BWC","Blue Whale Acquisition Corp I Class A","09/24/2021","$227,802,253","10.00","9.98","-0.20","22,940,811","21,393","0.09%","Analyze"
"DGNU","Dragoneer Growth Opportunities Corp. III","03/17/2021","$430,245,384","10.00","9.98","-0.20","43,067,606","9,653","0.02%","Analyze"
"AMCI","AMCI Acquisition Corp. II Class A","02/22/2021","$148,650,000","10.00","9.97","-0.30","15,000,000","30,627","0.20%","Analyze"
"ANZU","Anzu Special Acquisition Corp I Class A","04/22/2021","$424,150,000","10.00","9.97","-0.30","42,500,000","66,729","0.16%","Analyze"
"GNAC","Group Nine Acquisition Corp. - Class A","03/08/2021","$229,310,000","10.00","9.97","-0.30","23,000,000","18,357","0.08%","Analyze"
"RCLF","Rosecliff Acquisition Corp I - Class A","05/07/2019","$252,241,000","10.00","9.97","-0.30","25,300,000","2,874","0.01%","Analyze"
"YTPG","TPG Pace Beneficial II Corp. Class A","04/14/2021","$408,770,000","10.00","9.97","-0.30","41,000,000","171,286","0.42%","Analyze"
"AEHA","Aesther Healthcare Acquisition Corp Class A","11/05/2021","$0","10.00","9.96","-0.40","0","1,290,718","0.00%","Analyze"
"MBAC","M3-Brigade Acquisition II Corp. Class A","04/26/2021","$398,400,000","10.00","9.96","-0.40","40,000,000","158,021","0.40%","Analyze"
"PICC","Pivotal Investment Corporation III Class A","04/01/2021","$0","10.00","9.96","-0.40","27,600,000","7,318","0.03%","Analyze"
"FRXB","Forest Road Acquisition Corp. II Class A","04/30/2021","$348,250,000","10.00","9.95","-0.50","35,000,000","59,032","0.17%","Analyze"
"OSI","Osiris Acquisition Corp. Class A","07/06/2021","$228,850,000","10.00","9.95","-0.50","23,000,000","8,460","0.04%","Analyze"
"BOAC","Bluescape Opportunities Acquisition Corp. Class A","12/18/2020","$754,818,750","10.00","9.94","-0.60","75,937,500","15,342","0.02%","Analyze"
"PRSR","Prospector Capital Corp. Class A","03/01/2021","$322,400,000","10.00","9.94","-0.60","32,500,000","7,001","0.02%","Analyze"
"TBCP","Thunder Bridge Capital Partners III Inc. Class A","03/29/2021","$421,485,820","10.00","9.94","-0.60","42,403,000","3,714","0.01%","Analyze"
"ARBG","Aequi Acquisition Corp.","01/11/2021","$230,000,000","10.00","9.89","-1.10","23,000,000","101","0.00%","Analyze"
"FLAC","Frazier Lifesciences Acquisition Corporation Class A","02/08/2021","$141,150,870","10.00","9.87","-1.30","14,301,000","13,488","0.09%","Analyze"
"JCIC","Jack Creek Investment Corp. Class A","03/15/2021","$351,555,000","10.00","9.85","-1.50","34,500,000","84,836","0.25%","Analyze"
"FHLT","Future Health ESG Corp.","12/08/2021","$64,531,147","10.00","9.84","-1.60","6,591,537","150","0.00%","Analyze"
"ATVC","Tribe Capital Growth Corp I - Class A","05/18/2021","$270,756,000","10.00","9.81","-1.90","27,600,000","25,032","0.09%","Analyze"
"PV","Primavera Capital Acquisition Corporation Class A","03/15/2021","$315,882,000","10.00","9.70","-3.00","41,400,000","75,634","0.18%","Analyze"
"KINZ","KINS Technology Group Inc. - Class A","02/04/2021","$9,614,015","10.00","9.65","-3.50","938,090","34,675","3.70%","Analyze"
"DCRD","Decarbonization Plus Acquisition Corporation IV Class A","10/01/2021","$447,493,750","10.00","9.33","-6.70","31,625,000","12,001","0.04%","Analyze"
"VCKA","Vickers Vantage Corp. I","03/03/2021","$123,207,199","10.00","9.01","-9.90","13,176,395","117,600","0.89%","Analyze"
"JMAC","Maxpro Capital Acquisition Corp. Class A","11/26/2021","$128,454,296","10.00","8.85","-11.50","10,840,025","64,836","0.60%","Analyze"
"IPVA","InterPrivate II Acquisition Corp. Class A","04/25/2021","$229,851,125","10.00","8.80","-12.00","26,075,000","8,671","0.03%","Analyze"
"LAAA","Lakeshore Acquisition I Corp.","07/23/2021","$39,012,087","10.00","8.69","-13.10","4,489,308","23,830","0.53%","Analyze"
"SLCR","Silver Crest Acquisition Corporation - Class A","03/08/2021","$664,630,817","10.00","7.99","-20.10","34,500,000","275,509","0.80%","Analyze"
"PAFO","Pacifico Acquisition Corp.","09/27/2021","$0","10.00","7.50","-25.00","7,495,000","112,395","1.50%","Analyze"
"GXII","GX Acquisition Corp. II Class A","05/09/2021","$0","10.00","6.69","-33.10","30,000,000","137,841","0.46%","Analyze"
"LION","Lionheart III Corp - Class A","06/06/2019","$117,625,000","10.00","6.44","-35.60","12,500,000","453,188","3.63%","Analyze"
"MAAQ","Mana Capital Acquisition Corp.","01/14/2022","$48,668,750","10.00","5.99","-40.10","8,125,000","206,709","2.54%","Analyze"
"LAX","8i Acquisition 2 Corp.","09/04/2001","$47,622,694","10.00","5.14","-48.60","11,073,500","45,982","0.42%","Analyze"
"ENPC","Executive Network Partnering Corporation Class A","11/06/2020","$388,629,500","25.00","9.21","-63.16","42,014,000","109,601","0.26%","Analyze"
"ADRA","Adara Acquisition Corp. Class A","12/17/2019","$0","10.00","3.60","-64.00","11,500,000","3,127","0.03%","Analyze"
"SWAG","Software Acquisition Group Inc. III Class A","09/20/2021","$30,416,928","10.00","1.60","-84.00","18,632,115","38,185","0.20%","Analyze"
"AGBA","AGBA Acquisition Limited","07/15/2019","$9,333,606","10.00","1.56","-84.40","4,737,871","49,315","1.04%","Analyze"
"SMX","SMX (Security Matters) Public Limited Company - Class A","12/09/2021","$29,026,685","10.00","1.25","-87.50","22,501,306","514,681","2.29%","Analyze"
"MARXR","Mars Acquisition Corp. Rights","03/13/2023","$70,104,000","10.00","0.20","-98.00","6,900,000","150,800","2.19%","Analyze"
"AXAC^","AXIOS Sustainable Growth Acquisition Corporation Rights to receive one-tenth (1/10) of one Class A","03/25/2022","$237,247,875","10.00","0.18","-98.20","22,922,500","64,450","0.28%","Analyze"
"GFGDR","The Growth for Good Acquisition Corporation Right","01/31/2022","$266,481,000","10.00","0.18","-98.20","26,100,000","5,577","0.02%","Analyze"
"PLTNR","Plutonian Acquisition Corp. Rights","01/11/2023","$58,822,500","10.00","0.18","-98.20","5,750,000","2,550","0.04%","Analyze"
"ATMCR","AlphaTime Acquisition Corp Right","01/18/2023","$70,449,000","10.00","0.16","-98.40","6,900,000","18,880","0.27%","Analyze"
"HUDAR","Hudson Acquisition I Corp. Right","12/23/2022","$91,385,196","10.00","0.15","-98.50","8,941,800","16,241","0.18%","Analyze"
"QOMOR","Qomolangma Acquisition Corp. Right","11/25/2022","$72,382,997","10.00","0.15","-98.50","7,054,873","5,200","0.07%","Analyze"
"YOTAR","Yotta Acquisition Corporation Right","06/26/2022","$151,158,985","10.00","0.15","-98.50","14,718,499","30,393","0.21%","Analyze"
"EFHTR","EF Hutton Acquisition Corporation I Rights","12/07/2022","$0","10.00","0.13","-98.70","0","495,000","0.00%","Analyze"
"HSPOR","Horizon Space Acquisition I Corp. Right","01/25/2023","$94,133,865","10.00","0.13","-98.70","9,210,750","12,865","0.14%","Analyze"
"ATMVR","AlphaVest Acquisition Corp Right","01/24/2023","$70,276,500","10.00","0.12","-98.80","6,900,000","28,449","0.41%","Analyze"
"GBBKR","Global Blockchain Acquisition Corp. Right","06/15/2022","$225,848,250","10.00","0.08","-99.20","22,012,500","301","0.00%","Analyze"